Proje ID,Başlık,Anahtar Kelimeler,cleaned_title,cleaned_keywords,bert_input
1,Multipl Skleroz Hastalarında Nöroinflamasyon Belirteçlerinin Yapay Zeka ile Analizi ve Hastalık Progresyonunun Tahmini,"multipl skleroz, nöroinflamasyon, yapay zeka, biyobelirteç",multipl skleroz hastalarında nöroinflamasyon belirteçlerinin yapay zeka analizi hastalık progresyonunun tahmini,multipl skleroz nöroinflamasyon yapay zeka biyobelirteç,multipl skleroz hastalarında nöroinflamasyon belirteçlerinin yapay zeka analizi hastalık progresyonunun tahmini multipl skleroz nöroinflamasyon yapay zeka biyobelirteç
2,Endometriozis Tanısında MikroRNA Ekspresyon Profillerinin Tanısal Değerinin Araştırılması,"endometriozis, mikroRNA, biyobelirteç, gen ekspresyonu",endometriozis tanısında mikrorna ekspresyon profillerinin tanısal değerinin araştırılması,endometriozis mikrorna biyobelirteç gen ekspresyonu,endometriozis tanısında mikrorna ekspresyon profillerinin tanısal değerinin araştırılması endometriozis mikrorna biyobelirteç gen ekspresyonu
3,Diyabetik Retinopati Tespitinde Derin Öğrenme Algoritmalarının Fundus Görüntüleri Üzerinde Uygulanması,"diyabetik retinopati, derin öğrenme, fundus görüntüleme, yapay zeka",diyabetik retinopati tespitinde derin öğrenme algoritmalarının fundus görüntüleri üzerinde uygulanması,diyabetik retinopati derin öğrenme fundus görüntüleme yapay zeka,diyabetik retinopati tespitinde derin öğrenme algoritmalarının fundus görüntüleri üzerinde uygulanması diyabetik retinopati derin öğrenme fundus görüntüleme yapay zeka
4,Parkinson Hastalarında Transkraniyal Manyetik Stimülasyonun Motor Fonksiyonlar Üzerine Etkisi,"parkinson, TMS, motor fonksiyon, nörostimülasyon",parkinson hastalarında transkraniyal manyetik stimülasyonun motor fonksiyonlar üzerine etkisi,parkinson tms motor fonksiyon nörostimülasyon,parkinson hastalarında transkraniyal manyetik stimülasyonun motor fonksiyonlar üzerine etkisi parkinson tms motor fonksiyon nörostimülasyon
5,Mezenkimal Kök Hücre Kaynaklı Eksozomların Osteoartrit Tedavisindeki Etkinliğinin Değerlendirilmesi,"mezenkimal kök hücre, eksozom, osteoartrit, rejeneratif tıp",mezenkimal kök hücre kaynaklı eksozomların osteoartrit tedavisindeki etkinliğinin değerlendirilmesi,mezenkimal kök hücre eksozom osteoartrit rejeneratif tıp,mezenkimal kök hücre kaynaklı eksozomların osteoartrit tedavisindeki etkinliğinin değerlendirilmesi mezenkimal kök hücre eksozom osteoartrit rejeneratif tıp
6,Kolorektal Kanser Hücrelerinde CRISPR-Cas9 Aracılı Gen Düzenlemenin Terapötik Potansiyeli,"CRISPR-Cas9, kolorektal kanser, gen düzenleme, terapötik hedef",kolorektal kanser hücrelerinde crispr cas aracılı gen düzenlemenin terapötik potansiyeli,crispr cas kolorektal kanser gen düzenleme terapötik hedef,kolorektal kanser hücrelerinde crispr cas aracılı gen düzenlemenin terapötik potansiyeli crispr cas kolorektal kanser gen düzenleme terapötik hedef
7,Alzheimer Hastalığında Tau Protein Agregasyonunun İnhibisyonunda Yeni Nesil Peptid Bazlı İnhibitörlerin Geliştirilmesi,"alzheimer, tau protein, peptid inhibitör, nörodejenerasyon",alzheimer hastalığında tau protein agregasyonunun i nhibisyonunda yeni nesil peptid bazlı i nhibitörlerin geliştirilmesi,alzheimer tau protein peptid inhibitör nörodejenerasyon,alzheimer hastalığında tau protein agregasyonunun i nhibisyonunda yeni nesil peptid bazlı i nhibitörlerin geliştirilmesi alzheimer tau protein peptid inhibitör nörodejenerasyon
8,Metastatik Meme Kanserinde Sıvı Biyopsi ile Dolaşımdaki Tümör DNA'sının Moleküler Karakterizasyonu,"sıvı biyopsi, meme kanseri, ctDNA, moleküler karakterizasyon",metastatik meme kanserinde sıvı biyopsi dolaşımdaki tümör dna sının moleküler karakterizasyonu,sıvı biyopsi meme kanseri ctdna moleküler karakterizasyon,metastatik meme kanserinde sıvı biyopsi dolaşımdaki tümör dna sının moleküler karakterizasyonu sıvı biyopsi meme kanseri ctdna moleküler karakterizasyon
9,İnfertil Erkeklerde Sperm DNA Fragmentasyonu ve Telomer Uzunluğu Arasındaki İlişkinin İncelenmesi,"infertilite, DNA fragmentasyonu, telomer, sperm kalitesi",i nfertil erkeklerde sperm dna fragmentasyonu telomer uzunluğu arasındaki i lişkinin i ncelenmesi,infertilite dna fragmentasyonu telomer sperm kalitesi,i nfertil erkeklerde sperm dna fragmentasyonu telomer uzunluğu arasındaki i lişkinin i ncelenmesi infertilite dna fragmentasyonu telomer sperm kalitesi
10,Kronik Böbrek Yetmezliğinde Mezenkimal Kök Hücre Tedavisinin Renal Fibrozis Üzerine Etkisi,"kronik böbrek yetmezliği, kök hücre, renal fibrozis, rejeneratif tıp",kronik böbrek yetmezliğinde mezenkimal kök hücre tedavisinin renal fibrozis üzerine etkisi,kronik böbrek yetmezliği kök hücre renal fibrozis rejeneratif tıp,kronik böbrek yetmezliğinde mezenkimal kök hücre tedavisinin renal fibrozis üzerine etkisi kronik böbrek yetmezliği kök hücre renal fibrozis rejeneratif tıp
11,Otizm Spektrum Bozukluğunda Mikrobiyota-Bağırsak-Beyin Aksının Metabolomik Analizi,"otizm, mikrobiyota, metabolomik, nörogelişim",otizm spektrum bozukluğunda mikrobiyota bağırsak beyin aksının metabolomik analizi,otizm mikrobiyota metabolomik nörogelişim,otizm spektrum bozukluğunda mikrobiyota bağırsak beyin aksının metabolomik analizi otizm mikrobiyota metabolomik nörogelişim
12,Glioblastoma Tedavisinde Altın Nanopartiküllerin Fototermal Terapi Etkinliğinin Araştırılması,"glioblastoma, nanopartikül, fototermal terapi, beyin tümörü",glioblastoma tedavisinde altın nanopartiküllerin fototermal terapi etkinliğinin araştırılması,glioblastoma nanopartikül fototermal terapi beyin tümörü,glioblastoma tedavisinde altın nanopartiküllerin fototermal terapi etkinliğinin araştırılması glioblastoma nanopartikül fototermal terapi beyin tümörü
13,Tip 2 Diyabette İnkretin Bazlı Tedavilerin Kardiyovasküler Sonuçlar Üzerine Etkisi,"tip 2 diyabet, inkretin, kardiyovasküler, GLP-1",tip diyabette i nkretin bazlı tedavilerin kardiyovasküler sonuçlar üzerine etkisi,tip diyabet inkretin kardiyovasküler glp,tip diyabette i nkretin bazlı tedavilerin kardiyovasküler sonuçlar üzerine etkisi tip diyabet inkretin kardiyovasküler glp
14,Romatoid Artritte Sinoviyal Fibroblastların Epigenetik Modifikasyonlarının Hastalık Progresyonuna Etkisi,"romatoid artrit, epigenetik, sinoviyal fibroblast, inflamasyon",romatoid artritte sinoviyal fibroblastların epigenetik modifikasyonlarının hastalık progresyonuna etkisi,romatoid artrit epigenetik sinoviyal fibroblast inflamasyon,romatoid artritte sinoviyal fibroblastların epigenetik modifikasyonlarının hastalık progresyonuna etkisi romatoid artrit epigenetik sinoviyal fibroblast inflamasyon
15,Akciğer Kanseri Tanısında Yapay Zeka Destekli Radyomiks Analizinin Klinik Uygulanabilirliği,"akciğer kanseri, radyomiks, yapay zeka, görüntüleme",akciğer kanseri tanısında yapay zeka destekli radyomiks analizinin klinik uygulanabilirliği,akciğer kanseri radyomiks yapay zeka görüntüleme,akciğer kanseri tanısında yapay zeka destekli radyomiks analizinin klinik uygulanabilirliği akciğer kanseri radyomiks yapay zeka görüntüleme
16,Obezitede Kahverengi Yağ Dokusu Aktivasyonunun Metabolik Parametreler Üzerine Etkisi,"obezite, kahverengi yağ, metabolizma, termogenez",obezitede kahverengi yağ dokusu aktivasyonunun metabolik parametreler üzerine etkisi,obezite kahverengi yağ metabolizma termogenez,obezitede kahverengi yağ dokusu aktivasyonunun metabolik parametreler üzerine etkisi obezite kahverengi yağ metabolizma termogenez
17,Epilepsi Nöbetlerinin Tahmininde Giyilebilir EEG Cihazı ve Yapay Zeka Algoritmaları,"epilepsi, EEG, yapay zeka, nöbet tahmini",epilepsi nöbetlerinin tahmininde giyilebilir eeg cihazı yapay zeka algoritmaları,epilepsi eeg yapay zeka nöbet tahmini,epilepsi nöbetlerinin tahmininde giyilebilir eeg cihazı yapay zeka algoritmaları epilepsi eeg yapay zeka nöbet tahmini
18,Melanom Metastazında Ekzozom Aracılı microRNA'ların Rolünün Araştırılması,"melanom, ekzozom, microRNA, metastaz",melanom metastazında ekzozom aracılı microrna ların rolünün araştırılması,melanom ekzozom microrna metastaz,melanom metastazında ekzozom aracılı microrna ların rolünün araştırılması melanom ekzozom microrna metastaz
19,Kronik Migrende Vagus Siniri Stimülasyonunun Nöroinflamatuar Belirteçler Üzerine Etkisi,"migren, vagus stimülasyonu, nöroinflamasyon, başağrısı",kronik migrende vagus siniri stimülasyonunun nöroinflamatuar belirteçler üzerine etkisi,migren vagus stimülasyonu nöroinflamasyon başağrısı,kronik migrende vagus siniri stimülasyonunun nöroinflamatuar belirteçler üzerine etkisi migren vagus stimülasyonu nöroinflamasyon başağrısı
20,Kemik İliği Nakli Sonrası Graft Versus Host Hastalığının Önlenmesinde Mezenkimal Kök Hücrelerin Rolü,"GVHD, kök hücre, kemik iliği nakli, immünomodülasyon",kemik i liği nakli sonrası graft versus host hastalığının önlenmesinde mezenkimal kök hücrelerin rolü,gvhd kök hücre kemik iliği nakli immünomodülasyon,kemik i liği nakli sonrası graft versus host hastalığının önlenmesinde mezenkimal kök hücrelerin rolü gvhd kök hücre kemik iliği nakli immünomodülasyon
21,Şizofreni Hastalarında Nöroinflamasyon ve Mikroglia Aktivasyonunun PET Görüntüleme ile Değerlendirilmesi,"şizofreni, nöroinflamasyon, PET görüntüleme, mikroglia",şizofreni hastalarında nöroinflamasyon mikroglia aktivasyonunun pet görüntüleme değerlendirilmesi,şizofreni nöroinflamasyon pet görüntüleme mikroglia,şizofreni hastalarında nöroinflamasyon mikroglia aktivasyonunun pet görüntüleme değerlendirilmesi şizofreni nöroinflamasyon pet görüntüleme mikroglia
22,Diz Osteoartritinde Platelet Rich Plazma ve Hyaluronik Asit Kombinasyon Tedavisinin Etkinliği,"osteoartrit, PRP, hyaluronik asit, rejeneratif tıp",diz osteoartritinde platelet rich plazma hyaluronik asit kombinasyon tedavisinin etkinliği,osteoartrit prp hyaluronik asit rejeneratif tıp,diz osteoartritinde platelet rich plazma hyaluronik asit kombinasyon tedavisinin etkinliği osteoartrit prp hyaluronik asit rejeneratif tıp
23,Atriyal Fibrilasyonda Yapay Zeka Destekli EKG Analizi ile Erken Tanı ve Risk Sınıflandırması,"atriyal fibrilasyon, yapay zeka, EKG, risk sınıflandırması",atriyal fibrilasyonda yapay zeka destekli ekg analizi erken tanı risk sınıflandırması,atriyal fibrilasyon yapay zeka ekg risk sınıflandırması,atriyal fibrilasyonda yapay zeka destekli ekg analizi erken tanı risk sınıflandırması atriyal fibrilasyon yapay zeka ekg risk sınıflandırması
24,Kronik Hepatit B'de HBsAg Klirensi Üzerine Etkili İmmünolojik Faktörlerin Belirlenmesi,"hepatit B, HBsAg, immünoloji, viral klirens",kronik hepatit b hbsag klirensi üzerine etkili i mmünolojik faktörlerin belirlenmesi,hepatit b hbsag immünoloji viral klirens,kronik hepatit b hbsag klirensi üzerine etkili i mmünolojik faktörlerin belirlenmesi hepatit b hbsag immünoloji viral klirens
25,Amyotrofik Lateral Sklerozda RNA Düzenlenmesinin Hastalık Progresyonuna Etkisi,"ALS, RNA düzenlenmesi, nörodejenerasyon, gen ekspresyonu",amyotrofik lateral sklerozda rna düzenlenmesinin hastalık progresyonuna etkisi,als rna düzenlenmesi nörodejenerasyon gen ekspresyonu,amyotrofik lateral sklerozda rna düzenlenmesinin hastalık progresyonuna etkisi als rna düzenlenmesi nörodejenerasyon gen ekspresyonu
26,Sürdürülebilir Tarım Teknolojileri,"tarım, sürdürülebilirlik, IoT, veri toplama",sürdürülebilir tarım teknolojileri,tarım sürdürülebilirlik iot veri toplama,sürdürülebilir tarım teknolojileri tarım sürdürülebilirlik iot veri toplama
27,Doğal Dil İşleme ile Çeviri Sistemleri,"NLP, çeviri, dil işleme, yapay zeka",doğal dil i şleme çeviri sistemleri,nlp çeviri dil işleme yapay zeka,doğal dil i şleme çeviri sistemleri nlp çeviri dil işleme yapay zeka
28,Yapay Zeka ile Kapsayıcı Finans Uygulamaları,"yapay zeka, finans, mikro kredi, veri analizi",yapay zeka kapsayıcı finans uygulamaları,yapay zeka finans mikro kredi veri analizi,yapay zeka kapsayıcı finans uygulamaları yapay zeka finans mikro kredi veri analizi
29,Uzay Teknolojileri için Robotik Sistemler,"robotik, uzay, teknoloji, keşif",uzay teknolojileri robotik sistemler,robotik uzay teknoloji keşif,uzay teknolojileri robotik sistemler robotik uzay teknoloji keşif
30,Mobil Sağlık Uygulamaları Geliştirme,"mobil uygulama, sağlık, yapay zeka, hasta takibi",mobil sağlık uygulamaları geliştirme,mobil uygulama sağlık yapay zeka hasta takibi,mobil sağlık uygulamaları geliştirme mobil uygulama sağlık yapay zeka hasta takibi
31,Deprem Tahmini için Sensör Ağları,"deprem, sensör ağları, veri analizi, coğrafi bilgi",deprem tahmini sensör ağları,deprem sensör ağları veri analizi coğrafi bilgi,deprem tahmini sensör ağları deprem sensör ağları veri analizi coğrafi bilgi
32,Sanal Gerçeklik ile Psikolojik Terapi,"VR, terapi, psikoloji, teknoloji",sanal gerçeklik psikolojik terapi,vr terapi psikoloji teknoloji,sanal gerçeklik psikolojik terapi vr terapi psikoloji teknoloji
33,Otonom Robotlar ile Arama ve Kurtarma,"otonom robot, yapay zeka, kurtarma, sensörler",otonom robotlar arama kurtarma,otonom robot yapay zeka kurtarma sensörler,otonom robotlar arama kurtarma otonom robot yapay zeka kurtarma sensörler
34,Yapay Zeka ile Su Yönetimi,"su yönetimi, yapay zeka, veri analitiği, sürdürülebilirlik",yapay zeka su yönetimi,su yönetimi yapay zeka veri analitiği sürdürülebilirlik,yapay zeka su yönetimi su yönetimi yapay zeka veri analitiği sürdürülebilirlik
35,Akıllı Lojistik ve Depo Yönetimi,"lojistik, depo yönetimi, IoT, optimizasyon",akıllı lojistik depo yönetimi,lojistik depo yönetimi iot optimizasyon,akıllı lojistik depo yönetimi lojistik depo yönetimi iot optimizasyon
36,Trafik Simülasyonu ile Ulaşım Yönetimi,"simülasyon, trafik, yapay zeka, ulaşım",trafik simülasyonu ulaşım yönetimi,simülasyon trafik yapay zeka ulaşım,trafik simülasyonu ulaşım yönetimi simülasyon trafik yapay zeka ulaşım
37,Giyilebilir Teknolojiler ile Sağlık Takibi,"giyilebilir cihazlar, sağlık, IoT, veri analizi",giyilebilir teknolojiler sağlık takibi,giyilebilir cihazlar sağlık iot veri analizi,giyilebilir teknolojiler sağlık takibi giyilebilir cihazlar sağlık iot veri analizi
38,E-ticaret Sistemlerinde Güvenlik Önlemleri,"e-ticaret, güvenlik, siber güvenlik, şifreleme",e ticaret sistemlerinde güvenlik önlemleri,e ticaret güvenlik siber güvenlik şifreleme,e ticaret sistemlerinde güvenlik önlemleri e ticaret güvenlik siber güvenlik şifreleme
39,Yapay Zeka ile Görüntü Tanıma,"görüntü işleme, yapay zeka, tanıma, derin öğrenme",yapay zeka görüntü tanıma,görüntü işleme yapay zeka tanıma derin öğrenme,yapay zeka görüntü tanıma görüntü işleme yapay zeka tanıma derin öğrenme
40,Akıllı Sulama Sistemleri Geliştirme,"sulama, IoT, tarım, enerji tasarrufu",akıllı sulama sistemleri geliştirme,sulama iot tarım enerji tasarrufu,akıllı sulama sistemleri geliştirme sulama iot tarım enerji tasarrufu
41,Ses Tanıma ile Ev Otomasyonu,"ses tanıma, IoT, otomasyon, yapay zeka",ses tanıma ev otomasyonu,ses tanıma iot otomasyon yapay zeka,ses tanıma ev otomasyonu ses tanıma iot otomasyon yapay zeka
42,Biyometrik Veri ile Kimlik Doğrulama,"biyometrik, güvenlik, yapay zeka, kimlik doğrulama",biyometrik veri kimlik doğrulama,biyometrik güvenlik yapay zeka kimlik doğrulama,biyometrik veri kimlik doğrulama biyometrik güvenlik yapay zeka kimlik doğrulama
43,Kültürel Mirasın Dijitalleştirilmesi,"dijitalleşme, kültürel miras, AR, VR",kültürel mirasın dijitalleştirilmesi,dijitalleşme kültürel miras ar vr,kültürel mirasın dijitalleştirilmesi dijitalleşme kültürel miras ar vr
44,Nesnelerin İnterneti ile Enerji Yönetimi,"IoT, enerji, sürdürülebilirlik, veri analitiği",nesnelerin i nterneti enerji yönetimi,iot enerji sürdürülebilirlik veri analitiği,nesnelerin i nterneti enerji yönetimi iot enerji sürdürülebilirlik veri analitiği
45,Yapay Zeka ile Otomotiv Arıza Tespiti,"yapay zeka, otomotiv, arıza tespiti, veri analizi",yapay zeka otomotiv arıza tespiti,yapay zeka otomotiv arıza tespiti veri analizi,yapay zeka otomotiv arıza tespiti yapay zeka otomotiv arıza tespiti veri analizi
46,Akıllı Su Arıtma Sistemleri,"su arıtma, IoT, çevre, sürdürülebilirlik",akıllı su arıtma sistemleri,su arıtma iot çevre sürdürülebilirlik,akıllı su arıtma sistemleri su arıtma iot çevre sürdürülebilirlik
47,Yapay Zeka ile Sosyal Medya Analitiği,"yapay zeka, sosyal medya, veri analitiği, kullanıcı davranışı",yapay zeka sosyal medya analitiği,yapay zeka sosyal medya veri analitiği kullanıcı davranışı,yapay zeka sosyal medya analitiği yapay zeka sosyal medya veri analitiği kullanıcı davranışı
48,Tıbbi Robotlarla Cerrahi Operasyonlar,"robotik, cerrahi, yapay zeka, sağlık",tıbbi robotlarla cerrahi operasyonlar,robotik cerrahi yapay zeka sağlık,tıbbi robotlarla cerrahi operasyonlar robotik cerrahi yapay zeka sağlık
49,Oyunlaştırma ile Eğitim Yönetimi,"oyunlaştırma, eğitim, motivasyon, kullanıcı deneyimi",oyunlaştırma eğitim yönetimi,oyunlaştırma eğitim motivasyon kullanıcı deneyimi,oyunlaştırma eğitim yönetimi oyunlaştırma eğitim motivasyon kullanıcı deneyimi
50,Siber Saldırılara Karşı Yapay Zeka Sistemleri,"siber güvenlik, yapay zeka, saldırı tespiti, şifreleme",siber saldırılara karşı yapay zeka sistemleri,siber güvenlik yapay zeka saldırı tespiti şifreleme,siber saldırılara karşı yapay zeka sistemleri siber güvenlik yapay zeka saldırı tespiti şifreleme
51,Proton Pompası İnhibitörlerinin Pnömoni Benzeri Tablo Oluşturması ile İlgili Elektron Mikroskopi Çalışması,"proton pompası inhibitörleri, pnömoni, elektron mikroskopi, ilaç yan etkileri",proton pompası i nhibitörlerinin pnömoni benzeri tablo oluşturması i lgili elektron mikroskopi çalışması,proton pompası inhibitörleri pnömoni elektron mikroskopi ilaç yan etkileri,proton pompası i nhibitörlerinin pnömoni benzeri tablo oluşturması i lgili elektron mikroskopi çalışması proton pompası inhibitörleri pnömoni elektron mikroskopi ilaç yan etkileri
52,Polikistik Over Sendromu Tanısı Alan ve Almayan Sağlıklı Kadınların Serum Alfa Klotho Düzeyleri ve Thioldisülfid Homeostazının Karşılaştırılması,"PCOS, alfa klotho, thioldisülfid homeostazı, kadın sağlığı",polikistik over sendromu tanısı alan almayan sağlıklı kadınların serum alfa klotho düzeyleri thioldisülfid homeostazının karşılaştırılması,pcos alfa klotho thioldisülfid homeostazı kadın sağlığı,polikistik over sendromu tanısı alan almayan sağlıklı kadınların serum alfa klotho düzeyleri thioldisülfid homeostazının karşılaştırılması pcos alfa klotho thioldisülfid homeostazı kadın sağlığı
53,Sisplatin Kaynaklı Ovaryan Hasarı Önlemede Rekombinant Alfa Klotho Kullanımının Etkisi Mice Çalışması,"sisplatin, ovaryan hasar, alfa klotho, deneysel çalışma",sisplatin kaynaklı ovaryan hasarı önlemede rekombinant alfa klotho kullanımının etkisi mice çalışması,sisplatin ovaryan hasar alfa klotho deneysel çalışma,sisplatin kaynaklı ovaryan hasarı önlemede rekombinant alfa klotho kullanımının etkisi mice çalışması sisplatin ovaryan hasar alfa klotho deneysel çalışma
54,Üç Boyutlu Biyoyazıcıda Üretilen Biyodevrenin Periferik Sinir Hasarı İyileşmesine ve Elektriksel İmpuls İletimine Katkısının Araştırılması,"3D biyoyazıcı, periferik sinir hasarı, biyodevre, elektriksel impuls",üç boyutlu biyoyazıcıda üretilen biyodevrenin periferik sinir hasarı i yileşmesine elektriksel i mpuls i letimine katkısının araştırılması,d biyoyazıcı periferik sinir hasarı biyodevre elektriksel impuls,üç boyutlu biyoyazıcıda üretilen biyodevrenin periferik sinir hasarı i yileşmesine elektriksel i mpuls i letimine katkısının araştırılması d biyoyazıcı periferik sinir hasarı biyodevre elektriksel impuls
55,Sisplatin ile İndüklenmiş Periferal Nöropatide GLP1 Analoğu Liraglutid'in Allodini ve Motor Koordinasyon Üzerine Etkilerinin İncelenmesi,"sisplatin, nöropati, liraglutid, motor koordinasyon",sisplatin i ndüklenmiş periferal nöropatide glp analoğu liraglutid in allodini motor koordinasyon üzerine etkilerinin i ncelenmesi,sisplatin nöropati liraglutid motor koordinasyon,sisplatin i ndüklenmiş periferal nöropatide glp analoğu liraglutid in allodini motor koordinasyon üzerine etkilerinin i ncelenmesi sisplatin nöropati liraglutid motor koordinasyon
56,Medikal Ozon Tedavisinin Ratlarda Femur Kırık Kaynamasına Olan Etkisinin İncelenmesi,"medikal ozon, femur kırığı, kemik iyileşmesi, deneysel tıp",medikal ozon tedavisinin ratlarda femur kırık kaynamasına olan etkisinin i ncelenmesi,medikal ozon femur kırığı kemik iyileşmesi deneysel tıp,medikal ozon tedavisinin ratlarda femur kırık kaynamasına olan etkisinin i ncelenmesi medikal ozon femur kırığı kemik iyileşmesi deneysel tıp
57,Fibromiyalji Sendromunda Nörobilim Ağrı Eğitiminin Etkisi,"fibromiyalji, nörobilim, ağrı eğitimi, kronik ağrı",fibromiyalji sendromunda nörobilim ağrı eğitiminin etkisi,fibromiyalji nörobilim ağrı eğitimi kronik ağrı,fibromiyalji sendromunda nörobilim ağrı eğitiminin etkisi fibromiyalji nörobilim ağrı eğitimi kronik ağrı
58,PCR Negatif Covid-19 Şüpheli Vakalarda İmmünokromatografik Test ile Elisa Antikor Testlerinin Hastalığın Tanısı ve Yönetimine Katkısının Değerlendirilmesi,"COVID-19, PCR, immünokromatografi, ELISA, antikor testleri",pcr negatif covid şüpheli vakalarda i mmünokromatografik test elisa antikor testlerinin hastalığın tanısı yönetimine katkısının değerlendirilmesi,covid pcr immünokromatografi elisa antikor testleri,pcr negatif covid şüpheli vakalarda i mmünokromatografik test elisa antikor testlerinin hastalığın tanısı yönetimine katkısının değerlendirilmesi covid pcr immünokromatografi elisa antikor testleri
59,Zirkonya ile Güçlendirilmiş Lityum Silikat Cam Seramik Kalınlığının Işıkla Polimerize Rezin Simanın Polimerizasyon Dönüşüm Derecesine Etkisinin Değerlendirilmesi,"zirkonya, lityum silikat, cam seramik, polimerizasyon, diş hekimliği",zirkonya güçlendirilmiş lityum silikat cam seramik kalınlığının işıkla polimerize rezin simanın polimerizasyon dönüşüm derecesine etkisinin değerlendirilmesi,zirkonya lityum silikat cam seramik polimerizasyon diş hekimliği,zirkonya güçlendirilmiş lityum silikat cam seramik kalınlığının işıkla polimerize rezin simanın polimerizasyon dönüşüm derecesine etkisinin değerlendirilmesi zirkonya lityum silikat cam seramik polimerizasyon diş hekimliği
60,Akut Karotis Arter Oklüzyonu Sonucunda Oluşan Serebral İskemide Ranolazinin Beyin Dokusundaki Antiiskemik Etkisinin in vivo Araştırılması,"karotis arter, serebral iskemi, ranolazin, antiiskemik etki",akut karotis arter oklüzyonu sonucunda oluşan serebral i skemide ranolazinin beyin dokusundaki antiiskemik etkisinin in vivo araştırılması,karotis arter serebral iskemi ranolazin antiiskemik etki,akut karotis arter oklüzyonu sonucunda oluşan serebral i skemide ranolazinin beyin dokusundaki antiiskemik etkisinin in vivo araştırılması karotis arter serebral iskemi ranolazin antiiskemik etki
61,Proteozom İnhibitörü Bortezomibe Karşı Geliştirilen Direnç Mekanizmasında Tümör Baskılayıcı İşlevleri Olan Hücresel Senesans Rolünün ve Mekanizmasının Araştırılması,"proteozom inhibitörü, bortezomib, hücresel senesans, tümör baskılama",proteozom i nhibitörü bortezomibe karşı geliştirilen direnç mekanizmasında tümör baskılayıcı i şlevleri olan hücresel senesans rolünün mekanizmasının araştırılması,proteozom inhibitörü bortezomib hücresel senesans tümör baskılama,proteozom i nhibitörü bortezomibe karşı geliştirilen direnç mekanizmasında tümör baskılayıcı i şlevleri olan hücresel senesans rolünün mekanizmasının araştırılması proteozom inhibitörü bortezomib hücresel senesans tümör baskılama
62,İn vitro Ortamda İnkretin Bazlı Tedavilerin Adipogenez Üzerine Etkilerinin Araştırılması,"inkretin, adipogenez, in vitro, metabolizma",i n vitro ortamda i nkretin bazlı tedavilerin adipogenez üzerine etkilerinin araştırılması,inkretin adipogenez in vitro metabolizma,i n vitro ortamda i nkretin bazlı tedavilerin adipogenez üzerine etkilerinin araştırılması inkretin adipogenez in vitro metabolizma
63,Peganum Harmala Tohum Ekstresinin Sıçanlarda Kronik Öngörülemeyen Hafif Stres Modelinde Antidepresan ve Anksiyolitik Etkilerinin İncelenmesi,"peganum harmala, antidepresan, anksiyolitik, stres modeli",peganum harmala tohum ekstresinin sıçanlarda kronik öngörülemeyen hafif stres modelinde antidepresan anksiyolitik etkilerinin i ncelenmesi,peganum harmala antidepresan anksiyolitik stres modeli,peganum harmala tohum ekstresinin sıçanlarda kronik öngörülemeyen hafif stres modelinde antidepresan anksiyolitik etkilerinin i ncelenmesi peganum harmala antidepresan anksiyolitik stres modeli
64,Taurodeoksikolik Asitin in vitro Isı Stresi Oluşturulmuş Spermatogenik Hücrelerde PERK Sinyal Yolağı Üzerine Etkisinin Araştırılması,"taurodeoksikolik asit, ısı stresi, spermatogenik hücreler, PERK sinyal yolağı",taurodeoksikolik asitin in vitro isı stresi oluşturulmuş spermatogenik hücrelerde perk sinyal yolağı üzerine etkisinin araştırılması,taurodeoksikolik asit ısı stresi spermatogenik hücreler perk sinyal yolağı,taurodeoksikolik asitin in vitro isı stresi oluşturulmuş spermatogenik hücrelerde perk sinyal yolağı üzerine etkisinin araştırılması taurodeoksikolik asit ısı stresi spermatogenik hücreler perk sinyal yolağı
65,Menengiç (Pistacia terebinthus L) Ekstraktının Hepatoselüler Karsinom Hücrelerinde (HepG2) Antioksidatif ve Antikarsinojenik Etkilerinin İncelenmesi,"menengiç, hepatoselüler karsinom, antioksidan, antikarsinojenik",menengiç pistacia terebinthus l ekstraktının hepatoselüler karsinom hücrelerinde hepg antioksidatif antikarsinojenik etkilerinin i ncelenmesi,menengiç hepatoselüler karsinom antioksidan antikarsinojenik,menengiç pistacia terebinthus l ekstraktının hepatoselüler karsinom hücrelerinde hepg antioksidatif antikarsinojenik etkilerinin i ncelenmesi menengiç hepatoselüler karsinom antioksidan antikarsinojenik
66,Prenatal Kayıp Yaşamış Gebelere Verilen Doğuma Hazırlık Eğitiminin Gebelerin Prenatal Kendini Değerlendirme Düzeylerine ve Doğum Sonuçlarına Etkisinin İncelenmesi,"prenatal kayıp, doğum hazırlığı, gebelik, prenatal değerlendirme",prenatal kayıp yaşamış gebelere verilen doğuma hazırlık eğitiminin gebelerin prenatal kendini değerlendirme düzeylerine doğum sonuçlarına etkisinin i ncelenmesi,prenatal kayıp doğum hazırlığı gebelik prenatal değerlendirme,prenatal kayıp yaşamış gebelere verilen doğuma hazırlık eğitiminin gebelerin prenatal kendini değerlendirme düzeylerine doğum sonuçlarına etkisinin i ncelenmesi prenatal kayıp doğum hazırlığı gebelik prenatal değerlendirme
67,Spontan Abortuslar ile İndüklenmiş Abortusların Plasental T-cadherin Düzeylerinin Karşılaştırılması,"spontan abortus, indüklenmiş abortus, T-cadherin, plasenta",spontan abortuslar i ndüklenmiş abortusların plasental t cadherin düzeylerinin karşılaştırılması,spontan abortus indüklenmiş abortus t cadherin plasenta,spontan abortuslar i ndüklenmiş abortusların plasental t cadherin düzeylerinin karşılaştırılması spontan abortus indüklenmiş abortus t cadherin plasenta
68,Diş Taşı Temizliği ve Kök Yüzeyi Düzleştirmesi Sırasında Kullanılan Sanal Gerçeklik Gözlüğünün Dental Anksiyete Kontrolüne Etkisinin Değerlendirilmesi,"sanal gerçeklik, dental anksiyete, diş taşı temizliği, diş hekimliği",diş taşı temizliği kök yüzeyi düzleştirmesi sırasında kullanılan sanal gerçeklik gözlüğünün dental anksiyete kontrolüne etkisinin değerlendirilmesi,sanal gerçeklik dental anksiyete diş taşı temizliği diş hekimliği,diş taşı temizliği kök yüzeyi düzleştirmesi sırasında kullanılan sanal gerçeklik gözlüğünün dental anksiyete kontrolüne etkisinin değerlendirilmesi sanal gerçeklik dental anksiyete diş taşı temizliği diş hekimliği
69,Kolesteatomlu ve Kolesteatomsuz Kronik Otitis Media ve Nükslerindeki Mikrobiyolojik Profilin Karşılaştırılması,"kolesteatom, kronik otitis media, mikrobiyoloji, biyofilm",kolesteatomlu kolesteatomsuz kronik otitis media nükslerindeki mikrobiyolojik profilin karşılaştırılması,kolesteatom kronik otitis media mikrobiyoloji biyofilm,kolesteatomlu kolesteatomsuz kronik otitis media nükslerindeki mikrobiyolojik profilin karşılaştırılması kolesteatom kronik otitis media mikrobiyoloji biyofilm
70,Farklı Sinterleme Programları ve Yüzey İşlemlerinin Monolitik Zirkonya Seramiğin Faz Transformasyon ve Kırılma Dayanım Üzerindeki Etkisinin İncelenmesi,"sinterleme, zirkonya seramik, faz transformasyonu, kırılma dayanımı",farklı sinterleme programları yüzey i şlemlerinin monolitik zirkonya seramiğin faz transformasyon kırılma dayanım üzerindeki etkisinin i ncelenmesi,sinterleme zirkonya seramik faz transformasyonu kırılma dayanımı,farklı sinterleme programları yüzey i şlemlerinin monolitik zirkonya seramiğin faz transformasyon kırılma dayanım üzerindeki etkisinin i ncelenmesi sinterleme zirkonya seramik faz transformasyonu kırılma dayanımı
71,İki Farklı İmplant Yüzeyinin Osteoblastik Diferansiyasyon Üzerine Etkilerinin 3 Boyutlu Hücre Kültürü Yöntemi İle Karşılaştırılması,"implant yüzeyi, osteoblastik diferansiyasyon, 3D hücre kültürü, dental implant",i farklı i mplant yüzeyinin osteoblastik diferansiyasyon üzerine etkilerinin boyutlu hücre kültürü yöntemi i le karşılaştırılması,implant yüzeyi osteoblastik diferansiyasyon d hücre kültürü dental implant,i farklı i mplant yüzeyinin osteoblastik diferansiyasyon üzerine etkilerinin boyutlu hücre kültürü yöntemi i le karşılaştırılması implant yüzeyi osteoblastik diferansiyasyon d hücre kültürü dental implant
72,Deneysel Ülser Modelinde Borik Asitin Gastroprotektif Etkinliğinin in vivo Olarak Araştırılması,"borik asit, gastroprotektif etki, ülser, in vivo çalışma",deneysel ülser modelinde borik asitin gastroprotektif etkinliğinin in vivo olarak araştırılması,borik asit gastroprotektif etki ülser in vivo çalışma,deneysel ülser modelinde borik asitin gastroprotektif etkinliğinin in vivo olarak araştırılması borik asit gastroprotektif etki ülser in vivo çalışma
73,Kütahya Kaplıcalarında Termal Su ve İç Ortam Havasından Potansiyel İnfeksiyon Riski Oluşturabilen Aspergillus sp Türlerinin Belirlenmesi,"termal su, aspergillus, enfeksiyon riski, mikrobiyoloji",kütahya kaplıcalarında termal su i ç ortam havasından potansiyel i nfeksiyon riski oluşturabilen aspergillus sp türlerinin belirlenmesi,termal su aspergillus enfeksiyon riski mikrobiyoloji,kütahya kaplıcalarında termal su i ç ortam havasından potansiyel i nfeksiyon riski oluşturabilen aspergillus sp türlerinin belirlenmesi termal su aspergillus enfeksiyon riski mikrobiyoloji
74,Postmortem İnterval Tespitinde Mikrobiyom Analizi ve Yapay Zeka Tabanlı Tahmin Modellerinin Geliştirilmesi,"adli tıp, postmortem interval, mikrobiyom, yapay zeka, biyoinformatik",postmortem i nterval tespitinde mikrobiyom analizi yapay zeka tabanlı tahmin modellerinin geliştirilmesi,adli tıp postmortem interval mikrobiyom yapay zeka biyoinformatik,postmortem i nterval tespitinde mikrobiyom analizi yapay zeka tabanlı tahmin modellerinin geliştirilmesi adli tıp postmortem interval mikrobiyom yapay zeka biyoinformatik
75,Adli DNA Analizlerinde Yeni Nesil Dizileme Teknolojilerinin Karşılaştırmalı Değerlendirilmesi ve Veri Analiz Protokollerinin Standardizasyonu,"adli genetik, NGS, DNA analizi, biyoinformatik, standardizasyon",adli dna analizlerinde yeni nesil dizileme teknolojilerinin karşılaştırmalı değerlendirilmesi veri analiz protokollerinin standardizasyonu,adli genetik ngs dna analizi biyoinformatik standardizasyon,adli dna analizlerinde yeni nesil dizileme teknolojilerinin karşılaştırmalı değerlendirilmesi veri analiz protokollerinin standardizasyonu adli genetik ngs dna analizi biyoinformatik standardizasyon
76,Ateşli Silah Yaralanmalarında 3D Yara Balistiği Modellemesi ve Atış Mesafesi Tayininde Yapay Zeka Uygulamaları,"adli balistik, 3D modelleme, yapay zeka, atış mesafesi, yara analizi",ateşli silah yaralanmalarında d yara balistiği modellemesi atış mesafesi tayininde yapay zeka uygulamaları,adli balistik d modelleme yapay zeka atış mesafesi yara analizi,ateşli silah yaralanmalarında d yara balistiği modellemesi atış mesafesi tayininde yapay zeka uygulamaları adli balistik d modelleme yapay zeka atış mesafesi yara analizi
77,Adli Toksikolojide Yeni Nesil Psikoaktif Maddelerin Tespiti için LC-MS/MS Metot Geliştirilmesi ve Validasyonu,"adli toksikoloji, LC-MS/MS, psikoaktif maddeler, metot validasyonu",adli toksikolojide yeni nesil psikoaktif maddelerin tespiti lc ms ms metot geliştirilmesi validasyonu,adli toksikoloji lc ms ms psikoaktif maddeler metot validasyonu,adli toksikolojide yeni nesil psikoaktif maddelerin tespiti lc ms ms metot geliştirilmesi validasyonu adli toksikoloji lc ms ms psikoaktif maddeler metot validasyonu
78,Adli Antropolojide Yaş ve Cinsiyet Tayini için Derin Öğrenme Tabanlı Kemik Görüntü Analiz Sisteminin Geliştirilmesi,"adli antropoloji, derin öğrenme, kemik analizi, yaş tayini, cinsiyet tayini",adli antropolojide yaş cinsiyet tayini derin öğrenme tabanlı kemik görüntü analiz sisteminin geliştirilmesi,adli antropoloji derin öğrenme kemik analizi yaş tayini cinsiyet tayini,adli antropolojide yaş cinsiyet tayini derin öğrenme tabanlı kemik görüntü analiz sisteminin geliştirilmesi adli antropoloji derin öğrenme kemik analizi yaş tayini cinsiyet tayini
79,Adli Entomolojide Böcek Türlerinin Yapay Zeka ile Otomatik Sınıflandırılması ve Ölüm Zamanı Tayini,"adli entomoloji, yapay zeka, tür sınıflandırma, ölüm zamanı",adli entomolojide böcek türlerinin yapay zeka otomatik sınıflandırılması ölüm zamanı tayini,adli entomoloji yapay zeka tür sınıflandırma ölüm zamanı,adli entomolojide böcek türlerinin yapay zeka otomatik sınıflandırılması ölüm zamanı tayini adli entomoloji yapay zeka tür sınıflandırma ölüm zamanı
80,Yanık Yaralanmalarında Termal Hasar Derecesinin Hiperspektral Görüntüleme ve Makine Öğrenmesi ile Değerlendirilmesi,"adli tıp, yanık analizi, hiperspektral görüntüleme, makine öğrenmesi",yanık yaralanmalarında termal hasar derecesinin hiperspektral görüntüleme makine öğrenmesi değerlendirilmesi,adli tıp yanık analizi hiperspektral görüntüleme makine öğrenmesi,yanık yaralanmalarında termal hasar derecesinin hiperspektral görüntüleme makine öğrenmesi değerlendirilmesi adli tıp yanık analizi hiperspektral görüntüleme makine öğrenmesi
81,Adli Belge İncelemelerinde El Yazısı ve İmza Analizinde Derin Öğrenme Tabanlı Otomatik Karşılaştırma Sistemi,"adli belge inceleme, el yazısı analizi, derin öğrenme, imza analizi",adli belge i ncelemelerinde el yazısı i mza analizinde derin öğrenme tabanlı otomatik karşılaştırma sistemi,adli belge inceleme el yazısı analizi derin öğrenme imza analizi,adli belge i ncelemelerinde el yazısı i mza analizinde derin öğrenme tabanlı otomatik karşılaştırma sistemi adli belge inceleme el yazısı analizi derin öğrenme imza analizi
82,Postmortem MR Görüntülerinde Yapay Zeka ile Ölüm Nedeninin Belirlenmesi ve Virtopsi Protokollerinin Geliştirilmesi,"virtopsi, yapay zeka, MR görüntüleme, ölüm nedeni analizi",postmortem mr görüntülerinde yapay zeka ölüm nedeninin belirlenmesi virtopsi protokollerinin geliştirilmesi,virtopsi yapay zeka mr görüntüleme ölüm nedeni analizi,postmortem mr görüntülerinde yapay zeka ölüm nedeninin belirlenmesi virtopsi protokollerinin geliştirilmesi virtopsi yapay zeka mr görüntüleme ölüm nedeni analizi
83,Adli Ses Analizinde Konuşmacı Tanıma ve Ses Manipülasyonu Tespiti için Derin Öğrenme Modellerinin Geliştirilmesi,"adli ses analizi, konuşmacı tanıma, derin öğrenme, ses manipülasyonu",adli ses analizinde konuşmacı tanıma ses manipülasyonu tespiti derin öğrenme modellerinin geliştirilmesi,adli ses analizi konuşmacı tanıma derin öğrenme ses manipülasyonu,adli ses analizinde konuşmacı tanıma ses manipülasyonu tespiti derin öğrenme modellerinin geliştirilmesi adli ses analizi konuşmacı tanıma derin öğrenme ses manipülasyonu
84,Kemik Travmalarında 3D Rekonstrüksiyon ve Sonlu Elemanlar Analizi ile Travma Mekanizmalarının Belirlenmesi,"adli travmatoloji, 3D rekonstrüksiyon, sonlu elemanlar analizi, kemik travması",kemik travmalarında d rekonstrüksiyon sonlu elemanlar analizi travma mekanizmalarının belirlenmesi,adli travmatoloji d rekonstrüksiyon sonlu elemanlar analizi kemik travması,kemik travmalarında d rekonstrüksiyon sonlu elemanlar analizi travma mekanizmalarının belirlenmesi adli travmatoloji d rekonstrüksiyon sonlu elemanlar analizi kemik travması
85,Adli Diş Hekimliğinde Yaş Tayini için Yapay Zeka Destekli Dental Görüntü Analiz Sisteminin Geliştirilmesi,"adli diş hekimliği, yaş tayini, yapay zeka, dental görüntüleme",adli diş hekimliğinde yaş tayini yapay zeka destekli dental görüntü analiz sisteminin geliştirilmesi,adli diş hekimliği yaş tayini yapay zeka dental görüntüleme,adli diş hekimliğinde yaş tayini yapay zeka destekli dental görüntü analiz sisteminin geliştirilmesi adli diş hekimliği yaş tayini yapay zeka dental görüntüleme
86,Kan Lekesi Model Analizi için Akışkanlar Dinamiği Simülasyonu ve Olay Yeri Rekonstrüksiyonu,"kan lekesi analizi, akışkanlar dinamiği, olay yeri rekonstrüksiyonu",kan lekesi model analizi akışkanlar dinamiği simülasyonu olay yeri rekonstrüksiyonu,kan lekesi analizi akışkanlar dinamiği olay yeri rekonstrüksiyonu,kan lekesi model analizi akışkanlar dinamiği simülasyonu olay yeri rekonstrüksiyonu kan lekesi analizi akışkanlar dinamiği olay yeri rekonstrüksiyonu
87,Adli Toksikogenomik Yaklaşımla Zehirlenme Vakalarında Gen Ekspresyon Profillerinin Belirlenmesi,"adli toksikogenomik, gen ekspresyonu, zehirlenme, biyobelirteçler",adli toksikogenomik yaklaşımla zehirlenme vakalarında gen ekspresyon profillerinin belirlenmesi,adli toksikogenomik gen ekspresyonu zehirlenme biyobelirteçler,adli toksikogenomik yaklaşımla zehirlenme vakalarında gen ekspresyon profillerinin belirlenmesi adli toksikogenomik gen ekspresyonu zehirlenme biyobelirteçler
88,Yüz Rekonstrüksiyonunda 3D Morfometrik Analiz ve Yapay Zeka Destekli Yumuşak Doku Tahmin Modellemesi,"yüz rekonstrüksiyonu, 3D morfometri, yapay zeka, yumuşak doku",yüz rekonstrüksiyonunda d morfometrik analiz yapay zeka destekli yumuşak doku tahmin modellemesi,yüz rekonstrüksiyonu d morfometri yapay zeka yumuşak doku,yüz rekonstrüksiyonunda d morfometrik analiz yapay zeka destekli yumuşak doku tahmin modellemesi yüz rekonstrüksiyonu d morfometri yapay zeka yumuşak doku
89,Adli Psikiyatride Nörogörüntüleme ve Makine Öğrenmesi ile Şiddet Davranışı Risk Değerlendirmesi,"adli psikiyatri, nörogörüntüleme, makine öğrenmesi, risk değerlendirmesi",adli psikiyatride nörogörüntüleme makine öğrenmesi şiddet davranışı risk değerlendirmesi,adli psikiyatri nörogörüntüleme makine öğrenmesi risk değerlendirmesi,adli psikiyatride nörogörüntüleme makine öğrenmesi şiddet davranışı risk değerlendirmesi adli psikiyatri nörogörüntüleme makine öğrenmesi risk değerlendirmesi
90,Postmortem Biyokimyasal Belirteçlerin Metabolomik Analizi ve Ölüm Nedeni Tespitinde Kullanımı,"postmortem biyokimya, metabolomik, ölüm nedeni, biyobelirteçler",postmortem biyokimyasal belirteçlerin metabolomik analizi ölüm nedeni tespitinde kullanımı,postmortem biyokimya metabolomik ölüm nedeni biyobelirteçler,postmortem biyokimyasal belirteçlerin metabolomik analizi ölüm nedeni tespitinde kullanımı postmortem biyokimya metabolomik ölüm nedeni biyobelirteçler
91,Adli Görüntü İşlemede Derin Öğrenme ile Video Manipülasyonu (Deepfake) Tespit Sisteminin Geliştirilmesi,"adli görüntü işleme, deepfake tespiti, derin öğrenme, video analizi",adli görüntü i şlemede derin öğrenme video manipülasyonu deepfake tespit sisteminin geliştirilmesi,adli görüntü işleme deepfake tespiti derin öğrenme video analizi,adli görüntü i şlemede derin öğrenme video manipülasyonu deepfake tespit sisteminin geliştirilmesi adli görüntü işleme deepfake tespiti derin öğrenme video analizi
92,Postmortem Mikro-CT Görüntülemede Travmatik Beyin Hasarının 3D Karakterizasyonu,"mikro-CT, travmatik beyin hasarı, 3D görüntüleme, postmortem analiz",postmortem mikro ct görüntülemede travmatik beyin hasarının d karakterizasyonu,mikro ct travmatik beyin hasarı d görüntüleme postmortem analiz,postmortem mikro ct görüntülemede travmatik beyin hasarının d karakterizasyonu mikro ct travmatik beyin hasarı d görüntüleme postmortem analiz
93,Adli Yaş Tayininde Epigenetik Belirteçlerin Metilasyon Analizi ve Yapay Zeka ile Modellenmesi,"adli yaş tayini, epigenetik, DNA metilasyonu, yapay zeka",adli yaş tayininde epigenetik belirteçlerin metilasyon analizi yapay zeka modellenmesi,adli yaş tayini epigenetik dna metilasyonu yapay zeka,adli yaş tayininde epigenetik belirteçlerin metilasyon analizi yapay zeka modellenmesi adli yaş tayini epigenetik dna metilasyonu yapay zeka
94,Olay Yeri İncelemesinde Artırılmış Gerçeklik Destekli Mobil Delil Tespit ve Kayıt Sistemi,"olay yeri inceleme, artırılmış gerçeklik, delil tespiti, mobil uygulama",olay yeri i ncelemesinde artırılmış gerçeklik destekli mobil delil tespit kayıt sistemi,olay yeri inceleme artırılmış gerçeklik delil tespiti mobil uygulama,olay yeri i ncelemesinde artırılmış gerçeklik destekli mobil delil tespit kayıt sistemi olay yeri inceleme artırılmış gerçeklik delil tespiti mobil uygulama
95,Adli Bilişimde Blockchain Tabanlı Dijital Delil Zinciri Yönetim Sisteminin Geliştirilmesi,"adli bilişim, blockchain, dijital delil, delil zinciri",adli bilişimde blockchain tabanlı dijital delil zinciri yönetim sisteminin geliştirilmesi,adli bilişim blockchain dijital delil delil zinciri,adli bilişimde blockchain tabanlı dijital delil zinciri yönetim sisteminin geliştirilmesi adli bilişim blockchain dijital delil delil zinciri
96,İskelet Kalıntılarında Stable İzotop Analizi ile Coğrafi Köken ve Beslenme Profilinin Belirlenmesi,"stable izotop analizi, coğrafi köken, beslenme profili, iskelet analizi",i skelet kalıntılarında stable i zotop analizi coğrafi köken beslenme profilinin belirlenmesi,stable izotop analizi coğrafi köken beslenme profili iskelet analizi,i skelet kalıntılarında stable i zotop analizi coğrafi köken beslenme profilinin belirlenmesi stable izotop analizi coğrafi köken beslenme profili iskelet analizi
97,Adli Genetikte Tek Hücre DNA Analizi ve Düşük Kopya Sayılı DNA Örneklerinde Yeni Nesil Sekanslama,"tek hücre DNA, düşük kopya DNA, yeni nesil sekanslama, adli genetik",adli genetikte tek hücre dna analizi düşük kopya sayılı dna örneklerinde yeni nesil sekanslama,tek hücre dna düşük kopya dna yeni nesil sekanslama adli genetik,adli genetikte tek hücre dna analizi düşük kopya sayılı dna örneklerinde yeni nesil sekanslama tek hücre dna düşük kopya dna yeni nesil sekanslama adli genetik
98,Postmortem Görüntülemede Dual-Enerji BT ve Yapay Zeka ile Doku Karakterizasyonu,"dual-enerji BT, yapay zeka, doku karakterizasyonu, postmortem görüntüleme",postmortem görüntülemede dual enerji bt yapay zeka doku karakterizasyonu,dual enerji bt yapay zeka doku karakterizasyonu postmortem görüntüleme,postmortem görüntülemede dual enerji bt yapay zeka doku karakterizasyonu dual enerji bt yapay zeka doku karakterizasyonu postmortem görüntüleme
99,Adli Tıpta Biyometrik Verilerin Yapay Zeka ile Analizi ve Kimlik Tespitinde Kullanımı,"biyometrik analiz, yapay zeka, kimlik tespiti, adli tıp",adli tıpta biyometrik verilerin yapay zeka analizi kimlik tespitinde kullanımı,biyometrik analiz yapay zeka kimlik tespiti adli tıp,adli tıpta biyometrik verilerin yapay zeka analizi kimlik tespitinde kullanımı biyometrik analiz yapay zeka kimlik tespiti adli tıp
100,Adli Toksikolojide Saç Analizinde Yeni Nesil Kütle Spektrometrisi Yöntemlerinin Geliştirilmesi,"saç analizi, kütle spektrometrisi, adli toksikoloji, yöntem geliştirme",adli toksikolojide saç analizinde yeni nesil kütle spektrometrisi yöntemlerinin geliştirilmesi,saç analizi kütle spektrometrisi adli toksikoloji yöntem geliştirme,adli toksikolojide saç analizinde yeni nesil kütle spektrometrisi yöntemlerinin geliştirilmesi saç analizi kütle spektrometrisi adli toksikoloji yöntem geliştirme
101,Derin Öğrenme Yaklaşımları Kullanılarak Kemik Dokusu Üzerindeki Kanserin Tespiti Ve Sınıflandırılması,"Kemik, Kanser, Derin öğrenme, X-Ray, Enkondrom",derin öğrenme yaklaşımları kullanılarak kemik dokusu üzerindeki kanserin tespiti sınıflandırılması,kemik kanser derin öğrenme x ray enkondrom,derin öğrenme yaklaşımları kullanılarak kemik dokusu üzerindeki kanserin tespiti sınıflandırılması kemik kanser derin öğrenme x ray enkondrom
102,Diyabet Hastalarında Nefesteki Aseton Ölçümü İle Kan Glukozu Arasındaki İlişkinin İncelenmesi,"makine öğrenmesi, Kan glukozu, nefesteki aseton, gaz sensörü",diyabet hastalarında nefesteki aseton ölçümü i le kan glukozu arasındaki i lişkinin i ncelenmesi,makine öğrenmesi kan glukozu nefesteki aseton gaz sensörü,diyabet hastalarında nefesteki aseton ölçümü i le kan glukozu arasındaki i lişkinin i ncelenmesi makine öğrenmesi kan glukozu nefesteki aseton gaz sensörü
103,6 Haftalık Kan Akışı Kısıtlamalı Direnç Egzersizinin Sağlıklı Erkek Bireylerde Hamstring Kas Kalınlığı ve Kuvvetine Etkisi,"kuvvet, hipertrofi, Kan Akışı kısıtlama, hamstring, kaatsu, kas kalınlığı, vasküler oklüzyon",haftalık kan akışı kısıtlamalı direnç egzersizinin sağlıklı erkek bireylerde hamstring kas kalınlığı kuvvetine etkisi,kuvvet hipertrofi kan akışı kısıtlama hamstring kaatsu kas kalınlığı vasküler oklüzyon,haftalık kan akışı kısıtlamalı direnç egzersizinin sağlıklı erkek bireylerde hamstring kas kalınlığı kuvvetine etkisi kuvvet hipertrofi kan akışı kısıtlama hamstring kaatsu kas kalınlığı vasküler oklüzyon
104,Karaciğer Nakil Merkezleri için Yapay Zekâ Yöntemleri Kullanan Klinik Karar Destek Sisteminin Geliştirilmesi,"makine öğrenmesi, derin öğrenme, karaciğer, transplantasyon",karaciğer nakil merkezleri yapay zekâ yöntemleri kullanan klinik karar destek sisteminin geliştirilmesi,makine öğrenmesi derin öğrenme karaciğer transplantasyon,karaciğer nakil merkezleri yapay zekâ yöntemleri kullanan klinik karar destek sisteminin geliştirilmesi makine öğrenmesi derin öğrenme karaciğer transplantasyon
105,Kadavradan Böbrek Naklinde Alıcı-Verici Eşleştirmesi Için Istatistik Karar Destek Sistemlerinin Geliştirilmesi,"Kadavra böbrek nakli, Oransal Hazard Regresyon Modeli, istatistik karar destek sistemi",kadavradan böbrek naklinde alıcı verici eşleştirmesi istatistik karar destek sistemlerinin geliştirilmesi,kadavra böbrek nakli oransal hazard regresyon modeli istatistik karar destek sistemi,kadavradan böbrek naklinde alıcı verici eşleştirmesi istatistik karar destek sistemlerinin geliştirilmesi kadavra böbrek nakli oransal hazard regresyon modeli istatistik karar destek sistemi
106,Sensör Verilerinden Hareket Bozuklukları ile Nörodejeneratif Hastalıkların Tespiti ve Derecelendirilmesi,"Parkinson Hastalığı, Huntington Hastalığı, ALS, Nörodejeneratif Hastalıklar, QR kod, Makine Öğrenmesi",sensör verilerinden hareket bozuklukları nörodejeneratif hastalıkların tespiti derecelendirilmesi,parkinson hastalığı huntington hastalığı als nörodejeneratif hastalıklar qr kod makine öğrenmesi,sensör verilerinden hareket bozuklukları nörodejeneratif hastalıkların tespiti derecelendirilmesi parkinson hastalığı huntington hastalığı als nörodejeneratif hastalıklar qr kod makine öğrenmesi
107,Akut Miyokard Enfarktüsü Sonrası Sol Ventrikül Yeniden Şekillenmesi İle Bağırsak Mikrobiyotası Arasındaki İlişkinin Değerlendirilmesi,"akut myokard enfarktüsü, sol ventrikül yeniden şekillenme, mikrobiyota, tmao.",akut miyokard enfarktüsü sonrası sol ventrikül yeniden şekillenmesi i le bağırsak mikrobiyotası arasındaki i lişkinin değerlendirilmesi,akut myokard enfarktüsü sol ventrikül yeniden şekillenme mikrobiyota tmao,akut miyokard enfarktüsü sonrası sol ventrikül yeniden şekillenmesi i le bağırsak mikrobiyotası arasındaki i lişkinin değerlendirilmesi akut myokard enfarktüsü sol ventrikül yeniden şekillenme mikrobiyota tmao
108,Kavernöz Sinir Hasarı Sonucu Gelişen Erektil Disfonksiyonda Tlr2/Tlr4 Sinyalizasyonunun Rolü,"inflamasyon, nöroprotektif etki, toll benzeri reseptörler, fibrozis, erektil disfonksiyon, Kalp ve Damar",kavernöz sinir hasarı sonucu gelişen erektil disfonksiyonda tlr tlr sinyalizasyonunun rolü,inflamasyon nöroprotektif etki toll benzeri reseptörler fibrozis erektil disfonksiyon kalp damar,kavernöz sinir hasarı sonucu gelişen erektil disfonksiyonda tlr tlr sinyalizasyonunun rolü inflamasyon nöroprotektif etki toll benzeri reseptörler fibrozis erektil disfonksiyon kalp damar
109,Üriner Sistemin Konjenital Ürolojik Anomali İle Takip Edilen Kronik Böbrek Hastalarinda İdrar Dkk3 Düzeyi İle Renal Hastalik Progresyon İlişkisinin Değerlendirilmesi,"kronik böbrek yetmezliği, cakut, dkk3, üroloji, nefroloji",üriner sistemin konjenital ürolojik anomali i le takip edilen kronik böbrek hastalarinda i drar dkk düzeyi i le renal hastalik progresyon i lişkisinin değerlendirilmesi,kronik böbrek yetmezliği cakut dkk üroloji nefroloji,üriner sistemin konjenital ürolojik anomali i le takip edilen kronik böbrek hastalarinda i drar dkk düzeyi i le renal hastalik progresyon i lişkisinin değerlendirilmesi kronik böbrek yetmezliği cakut dkk üroloji nefroloji
110,COVID-19 Enfeksiyonunun Bilgisayarlı Tomografi ile Tespiti için Otomatik Görüntü Tanıma Sistemi,"derin öğrenme, bilgisayarlı tomografi, tespit, covıd-19",covid enfeksiyonunun bilgisayarlı tomografi tespiti otomatik görüntü tanıma sistemi,derin öğrenme bilgisayarlı tomografi tespit covıd,covid enfeksiyonunun bilgisayarlı tomografi tespiti otomatik görüntü tanıma sistemi derin öğrenme bilgisayarlı tomografi tespit covıd
111,Türkçe Geniş Kelime Dağarcığına Sahip Konuşma Sentezleme Sisteminin Geliştirilmesi Ve Gerekli Veri Kümesinin Oluşturulması,"Konuşma Sentezleme, Türkçe Veri Kümesi, Tacotron, Dil ve Dil Bilim",türkçe geniş kelime dağarcığına sahip konuşma sentezleme sisteminin geliştirilmesi gerekli veri kümesinin oluşturulması,konuşma sentezleme türkçe veri kümesi tacotron dil dil bilim,türkçe geniş kelime dağarcığına sahip konuşma sentezleme sisteminin geliştirilmesi gerekli veri kümesinin oluşturulması konuşma sentezleme türkçe veri kümesi tacotron dil dil bilim
112,Tıbbi Süreçlerde Büyük Sağlık Verisinin Kullanılmasıyla Kalite Ve Verimliliğin Arttırılması,"Diyabet, çevrimiçi öğrenme, tavsiye, Büyük sağlık verisi, Gauss, metabolizma",tıbbi süreçlerde büyük sağlık verisinin kullanılmasıyla kalite verimliliğin arttırılması,diyabet çevrimiçi öğrenme tavsiye büyük sağlık verisi gauss metabolizma,tıbbi süreçlerde büyük sağlık verisinin kullanılmasıyla kalite verimliliğin arttırılması diyabet çevrimiçi öğrenme tavsiye büyük sağlık verisi gauss metabolizma
113,Nörotoksik İnsan Sistatin C Oligomerlerinin Hızlı Tespiti İçin Nanobiyosensör,"Nanobiyosensör, altın nanopartikül, nanobilim ve nanoteknoloji",nörotoksik i nsan sistatin c oligomerlerinin hızlı tespiti i çin nanobiyosensör,nanobiyosensör altın nanopartikül nanobilim nanoteknoloji,nörotoksik i nsan sistatin c oligomerlerinin hızlı tespiti i çin nanobiyosensör nanobiyosensör altın nanopartikül nanobilim nanoteknoloji
114,Zihinsel Aktivitelerin Tanınması için Elektroensefalografi Kanallarının Aktiviteye Özgü Uyumlarının Zamansal Organizasyonuna Dayalı Yeni Yöntemler,"beyin-bilgisayar arayüzü, elektroensefalografi, ortak uzaysal örüntüler, zihinsel aktivite tanıma, kanallar arası senkronizasyon",zihinsel aktivitelerin tanınması elektroensefalografi kanallarının aktiviteye özgü uyumlarının zamansal organizasyonuna dayalı yeni yöntemler,beyin bilgisayar arayüzü elektroensefalografi ortak uzaysal örüntüler zihinsel aktivite tanıma kanallar arası senkronizasyon,zihinsel aktivitelerin tanınması elektroensefalografi kanallarının aktiviteye özgü uyumlarının zamansal organizasyonuna dayalı yeni yöntemler beyin bilgisayar arayüzü elektroensefalografi ortak uzaysal örüntüler zihinsel aktivite tanıma kanallar arası senkronizasyon
115,Algı Temelli Çizim İşleme,"çizim tanıma, çizim bölütleme, çizim veri seti, yazılım",algı temelli çizim i şleme,çizim tanıma çizim bölütleme çizim veri seti yazılım,algı temelli çizim i şleme çizim tanıma çizim bölütleme çizim veri seti yazılım
116,Tek-Hücre Seviyeli Proteomik Veri Kümelerinin Yatay Bütünleştirilmesi,"tek-hücre, veri bütünleştirme, yatay bütünleştirme, toplu etki, hücre eşleştirme, tıbbi informatik",tek hücre seviyeli proteomik veri kümelerinin yatay bütünleştirilmesi,tek hücre veri bütünleştirme yatay bütünleştirme toplu etki hücre eşleştirme tıbbi informatik,tek hücre seviyeli proteomik veri kümelerinin yatay bütünleştirilmesi tek hücre veri bütünleştirme yatay bütünleştirme toplu etki hücre eşleştirme tıbbi informatik
117,Bozulmuş İnsansız Hava Araçları İçin Minimum Mesafe Ve Minimum Zaman Optimal Yol Planlamalarının Çok Boyutlu Makine Öğrenmesi Yaklaşımları Ile Başarımı,"yol planlama, meta-sezgisel algoritmalar, Bozulmuş quadrotorlar, insansız hava araçları, robotik",bozulmuş i nsansız hava araçları i çin minimum mesafe minimum zaman optimal yol planlamalarının boyutlu makine öğrenmesi yaklaşımları başarımı,yol planlama meta sezgisel algoritmalar bozulmuş quadrotorlar insansız hava araçları robotik,bozulmuş i nsansız hava araçları i çin minimum mesafe minimum zaman optimal yol planlamalarının boyutlu makine öğrenmesi yaklaşımları başarımı yol planlama meta sezgisel algoritmalar bozulmuş quadrotorlar insansız hava araçları robotik
118,Tarımsal Ve Botanik Uygulamalar Için Bitkilerden Elde Edilen Üç Boyutlu Nokta Bulutlarının Analizine Yönelik Derin Öğrenme Yöntemlerinin Geliştirilmesi,"fenotipleme, 3B nokta bulutları, 3B derin öğrenme, 3B bitki modelleri, 3Bsemantik bölütleme, süpernokta",tarımsal botanik uygulamalar bitkilerden elde edilen üç boyutlu nokta bulutlarının analizine yönelik derin öğrenme yöntemlerinin geliştirilmesi,fenotipleme b nokta bulutları b derin öğrenme b bitki modelleri bsemantik bölütleme süpernokta,tarımsal botanik uygulamalar bitkilerden elde edilen üç boyutlu nokta bulutlarının analizine yönelik derin öğrenme yöntemlerinin geliştirilmesi fenotipleme b nokta bulutları b derin öğrenme b bitki modelleri bsemantik bölütleme süpernokta
119,Parmak İzlerinde Yönelim Kestirimi Için 'Sınıflandırma Ile Regresyon',"derin öğrenme, parmak izi, yönelim kesitirimi, sınıflandırma ile regresyon",parmak i zlerinde yönelim kestirimi sınıflandırma regresyon,derin öğrenme parmak izi yönelim kesitirimi sınıflandırma regresyon,parmak i zlerinde yönelim kestirimi sınıflandırma regresyon derin öğrenme parmak izi yönelim kesitirimi sınıflandırma regresyon
120,İnsansız Hava Aracı Videolarında Çoklu Nesne Tespit Ve Takibi,"Derin Sinir Ağları, İnsansız Hava Aracı Videoları, Görsel Nesne Tespit, Çoklu Nesne Takip, Örtüşme Öğrenme",i nsansız hava aracı videolarında çoklu nesne tespit takibi,derin sinir ağları i nsansız hava aracı videoları görsel nesne tespit çoklu nesne takip örtüşme öğrenme,i nsansız hava aracı videolarında çoklu nesne tespit takibi derin sinir ağları i nsansız hava aracı videoları görsel nesne tespit çoklu nesne takip örtüşme öğrenme
121,Gizlilik Korumalı Veri Yayınlama Algoritması Geliştirilmesi,"veri mahremiyeti, Gizlilik korumalı veri yayınlama, veri anonimleştirme, veri kullanılabilirliği, genelleştirme",gizlilik korumalı veri yayınlama algoritması geliştirilmesi,veri mahremiyeti gizlilik korumalı veri yayınlama veri anonimleştirme veri kullanılabilirliği genelleştirme,gizlilik korumalı veri yayınlama algoritması geliştirilmesi veri mahremiyeti gizlilik korumalı veri yayınlama veri anonimleştirme veri kullanılabilirliği genelleştirme
122,Yenilenebilir Enerji Sistemi Destekli Binalar Ve Bina Toplulukları İçin Optimizasyon İçerikli Simülasyon Yazılımı Geliştirilmesi,"Yazılım Geliştirme, Optimizasyon, Bina Enerji Tüketimi, Yenilenebilir Enerji Sistemleri",yenilenebilir enerji sistemi destekli binalar bina toplulukları i çin optimizasyon i çerikli simülasyon yazılımı geliştirilmesi,yazılım geliştirme optimizasyon bina enerji tüketimi yenilenebilir enerji sistemleri,yenilenebilir enerji sistemi destekli binalar bina toplulukları i çin optimizasyon i çerikli simülasyon yazılımı geliştirilmesi yazılım geliştirme optimizasyon bina enerji tüketimi yenilenebilir enerji sistemleri
123,360 Derece Panoramik Videoların Kalitesinin Görsel-İşitsel Belirginlik Rehberliğinde Ölçülmesi,"sanal gerçeklik, çok kipli insan bilgisayar arayüzleri, 360-derece videolar,görsel işitsel belirginlik kestirimi",derece panoramik videoların kalitesinin görsel i şitsel belirginlik rehberliğinde ölçülmesi,sanal gerçeklik kipli insan bilgisayar arayüzleri derece videolar görsel işitsel belirginlik kestirimi,derece panoramik videoların kalitesinin görsel i şitsel belirginlik rehberliğinde ölçülmesi sanal gerçeklik kipli insan bilgisayar arayüzleri derece videolar görsel işitsel belirginlik kestirimi
124,Kuantum Sonrası Kriptografik Protokollerin Biçimsel Analizi ve Doğrulanması (FAVPQC),"kuantum sonrası kriptografi, kafes tabanlı kriptografi, parola tabanlı kimliği doğrulanmış anahtar değişimi/paketleme, grup şifreleme",kuantum sonrası kriptografik protokollerin biçimsel analizi doğrulanması favpqc,kuantum sonrası kriptografi kafes tabanlı kriptografi parola tabanlı kimliği doğrulanmış anahtar değişimi paketleme grup şifreleme,kuantum sonrası kriptografik protokollerin biçimsel analizi doğrulanması favpqc kuantum sonrası kriptografi kafes tabanlı kriptografi parola tabanlı kimliği doğrulanmış anahtar değişimi paketleme grup şifreleme
125,"İnsansız Hava Aracı İçin Algılayıcı Arızası Tespiti, Sistemin Yeniden Yapılandırılması Ve İzlenmesi","makine öğrenmesi, tahmin, algılayıcı, Hava aracı, uçuş kontrolü",i nsansız hava aracı i çin algılayıcı arızası tespiti sistemin yeniden yapılandırılması i zlenmesi,makine öğrenmesi tahmin algılayıcı hava aracı uçuş kontrolü,i nsansız hava aracı i çin algılayıcı arızası tespiti sistemin yeniden yapılandırılması i zlenmesi makine öğrenmesi tahmin algılayıcı hava aracı uçuş kontrolü
126,Iot Kenar Cihazlar İçin Soc FPGA Üzerinde DTLS Protokolünün Donanımla Hızlandırılması,"Nesnelerin İnterneti, Veri Güvenliği, SoC FPGA, Donanım ile Hızlandırma",iot kenar cihazlar i çin soc fpga üzerinde dtls protokolünün donanımla hızlandırılması,nesnelerin i nterneti veri güvenliği soc fpga donanım hızlandırma,iot kenar cihazlar i çin soc fpga üzerinde dtls protokolünün donanımla hızlandırılması nesnelerin i nterneti veri güvenliği soc fpga donanım hızlandırma
127,Sensör Füzyon Dinamiklerinin Sistem Tanıyımı İçin Özgün Bir Deney Düzeneği Geliştirilmesi,"robotik, sensör füzyonu, sistem tanıyımı, kontrol teorisi",sensör füzyon dinamiklerinin sistem tanıyımı i çin özgün bir deney düzeneği geliştirilmesi,robotik sensör füzyonu sistem tanıyımı kontrol teorisi,sensör füzyon dinamiklerinin sistem tanıyımı i çin özgün bir deney düzeneği geliştirilmesi robotik sensör füzyonu sistem tanıyımı kontrol teorisi
128,"Dijital Multimedya Güvenliği Için Ses Kopyala-Yapıştır, Ses Birleştirme Ve Sentezlenmiş Ses Sahteciliklerinin Akıllı Yöntemler Kullanılarak Tespiti","Ses sahteciliği, ses birleştirme sahtecilik tespiti, ses kopyala-yapıştır, akustik",dijital multimedya güvenliği ses kopyala yapıştır ses birleştirme sentezlenmiş ses sahteciliklerinin akıllı yöntemler kullanılarak tespiti,ses sahteciliği ses birleştirme sahtecilik tespiti ses kopyala yapıştır akustik,dijital multimedya güvenliği ses kopyala yapıştır ses birleştirme sentezlenmiş ses sahteciliklerinin akıllı yöntemler kullanılarak tespiti ses sahteciliği ses birleştirme sahtecilik tespiti ses kopyala yapıştır akustik
129,İnsansız Hava Aracı (İHA) ve Uzdenetim İle Elektromanyetik Radyasyon Ölçümü,"Nesne tespiti, 3B nokta bulutu, elekromanyetik alan şiddedi, kamera ve lidar kalibresi",i nsansız hava aracı i ha uzdenetim i le elektromanyetik radyasyon ölçümü,nesne tespiti b nokta bulutu elekromanyetik alan şiddedi kamera lidar kalibresi,i nsansız hava aracı i ha uzdenetim i le elektromanyetik radyasyon ölçümü nesne tespiti b nokta bulutu elekromanyetik alan şiddedi kamera lidar kalibresi
130,Gelecek Nesil İletişim Sistemleri Için Zaman-Frekans Yayılımlı Seyrek Kodlu Çoklu Erişim,"Gelecek Nesil Haberleşme Teknolojileri, 5. Nesil Haberleşme Ağları, Çoklu Erişim Teknikleri, Zaman Frekans Analizi",gelecek nesil i letişim sistemleri zaman frekans yayılımlı seyrek kodlu çoklu erişim,gelecek nesil haberleşme teknolojileri nesil haberleşme ağları çoklu erişim teknikleri zaman frekans analizi,gelecek nesil i letişim sistemleri zaman frekans yayılımlı seyrek kodlu çoklu erişim gelecek nesil haberleşme teknolojileri nesil haberleşme ağları çoklu erişim teknikleri zaman frekans analizi
131,Tam Çift Yönlü 5g Ofdm Haberleşme Sistemleri Için Kanal Kestirim Algoritmaları Tasarımı,"5G, Tam Çift Yönlü, Dik Frekans Bölmeli Çoğullama (OFDM), Röleli Haberleşme, bilgisayar bilimleri",tam çift yönlü g ofdm haberleşme sistemleri kanal kestirim algoritmaları tasarımı,g tam çift yönlü dik frekans bölmeli çoğullama ofdm röleli haberleşme bilgisayar bilimleri,tam çift yönlü g ofdm haberleşme sistemleri kanal kestirim algoritmaları tasarımı g tam çift yönlü dik frekans bölmeli çoğullama ofdm röleli haberleşme bilgisayar bilimleri
132,Histopatoloji Görüntülerinde Meme Kanseri Tespiti Için Derin Öğrenme Tabanlı Metodolojinin Geliştirilmesi,"Derin Öğrenme, Bulanık Mantık, Histopatoloji, Meme Kanseri Tespiti, onkoloji",histopatoloji görüntülerinde meme kanseri tespiti derin öğrenme tabanlı metodolojinin geliştirilmesi,derin öğrenme bulanık mantık histopatoloji meme kanseri tespiti onkoloji,histopatoloji görüntülerinde meme kanseri tespiti derin öğrenme tabanlı metodolojinin geliştirilmesi derin öğrenme bulanık mantık histopatoloji meme kanseri tespiti onkoloji
133,Yeni Antibakteriyel Ajanların Tanımlanması Için Makine Öğrenmeye Dayalı Biyoinformatik Çerçevesi Geliştirmek,"antibiyotikler, makine öğrenimi, ilaç keşfi, immünoloji",yeni antibakteriyel ajanların tanımlanması makine öğrenmeye dayalı biyoinformatik çerçevesi geliştirmek,antibiyotikler makine öğrenimi ilaç keşfi immünoloji,yeni antibakteriyel ajanların tanımlanması makine öğrenmeye dayalı biyoinformatik çerçevesi geliştirmek antibiyotikler makine öğrenimi ilaç keşfi immünoloji
134,Hücre Sayım Uygulamaları İçin Opto-Akışkan Platform,"Hücre canlılığı, optik, hücre sayımı",hücre sayım uygulamaları i çin opto akışkan platform,hücre canlılığı optik hücre sayımı,hücre sayım uygulamaları i çin opto akışkan platform hücre canlılığı optik hücre sayımı
135,Kimdil Kimyasal Dilde Makine Çevirisi Ile Hedef Odaklı İlaç Tasarımı,"Doğal dil işleme, Biyoenformatik, yapay öğrenme, makine çevirisi, ilaç keşfi, kimenformatik, farmakoloji",kimdil kimyasal dilde makine çevirisi hedef odaklı i laç tasarımı,doğal dil işleme biyoenformatik yapay öğrenme makine çevirisi ilaç keşfi kimenformatik farmakoloji,kimdil kimyasal dilde makine çevirisi hedef odaklı i laç tasarımı doğal dil işleme biyoenformatik yapay öğrenme makine çevirisi ilaç keşfi kimenformatik farmakoloji
136,Hidrojenaz Enziminin Oksijen Toleransının Moleküler Seviyede İncelenmesi,"Biyoteknoloji, Biyohidrojen, Genetik kod mühendisliği, Hidrojenaz",hidrojenaz enziminin oksijen toleransının moleküler seviyede i ncelenmesi,biyoteknoloji biyohidrojen genetik kod mühendisliği hidrojenaz,hidrojenaz enziminin oksijen toleransının moleküler seviyede i ncelenmesi biyoteknoloji biyohidrojen genetik kod mühendisliği hidrojenaz
137,Yapay Zeka Yöntemleri Ile Sars-Cov-2 Için Epitop Tahmini,"Epitop tahmini, B Hücresi, viroloji, SARS-CoV-2",yapay zeka yöntemleri sars cov epitop tahmini,epitop tahmini b hücresi viroloji sars cov,yapay zeka yöntemleri sars cov epitop tahmini epitop tahmini b hücresi viroloji sars cov
138,Tüm Vücut Titresiminin Kullanmamaya Bağlı Iskelet Kası Atrofisinin Önlenmesindeki Rolü,"iskelet kası, miyofibril degradasyonu, tüm vücut titresimi",vücut titresiminin kullanmamaya bağlı iskelet kası atrofisinin önlenmesindeki rolü,iskelet kası miyofibril degradasyonu vücut titresimi,vücut titresiminin kullanmamaya bağlı iskelet kası atrofisinin önlenmesindeki rolü iskelet kası miyofibril degradasyonu vücut titresimi
139,Karaciğer Nakil Merkezleri için Yapay Zekâ Yöntemleri Kullanan Klinik Karar Destek Sisteminin Geliştirilmesi,"makine öğrenmesi, derin öğrenme, karaciğer, transplantasyon",karaciğer nakil merkezleri yapay zekâ yöntemleri kullanan klinik karar destek sisteminin geliştirilmesi,makine öğrenmesi derin öğrenme karaciğer transplantasyon,karaciğer nakil merkezleri yapay zekâ yöntemleri kullanan klinik karar destek sisteminin geliştirilmesi makine öğrenmesi derin öğrenme karaciğer transplantasyon
140,İlaç Kaynaklı Gen Ifadesi Degisimlerinin Tahmini ve Ilaç Tasarımında Kullanımı,"ilaç tasarımı, Gen ifadesi, bilesik parmak izi, yapay sinir agı",i laç kaynaklı gen ifadesi degisimlerinin tahmini ilaç tasarımında kullanımı,ilaç tasarımı gen ifadesi bilesik parmak izi yapay sinir agı,i laç kaynaklı gen ifadesi degisimlerinin tahmini ilaç tasarımında kullanımı ilaç tasarımı gen ifadesi bilesik parmak izi yapay sinir agı
141,Şeffaf Altlıklar Üzerinde Elektrokimyasal Yöntemle Altın Nanofilm Oluşturulması,"optik özellikler, Elektrodepozisyon, altın ince film",şeffaf altlıklar üzerinde elektrokimyasal yöntemle altın nanofilm oluşturulması,optik özellikler elektrodepozisyon altın ince film,şeffaf altlıklar üzerinde elektrokimyasal yöntemle altın nanofilm oluşturulması optik özellikler elektrodepozisyon altın ince film
142,Kimyasal Reaksiyonların Etkileriyle Kuantum Dalga Denklemi Tabanlı Gerçek Rastgele Sayı Üreteci,"kimyasal reaksiyonlar, kriptografi, kuantum dalga denklemi",kimyasal reaksiyonların etkileriyle kuantum dalga denklemi tabanlı gerçek rastgele sayı üreteci,kimyasal reaksiyonlar kriptografi kuantum dalga denklemi,kimyasal reaksiyonların etkileriyle kuantum dalga denklemi tabanlı gerçek rastgele sayı üreteci kimyasal reaksiyonlar kriptografi kuantum dalga denklemi
143,Soğuk Pres Yağların Oksidatif Bozunmalarının Farklı Teknolojiler ile Tespit Edilmesinde Kinetik Bir Yaklaşım,"gıda güvenliği, kinetik, termodinamik, dsc, ransimat",soğuk pres yağların oksidatif bozunmalarının farklı teknolojiler tespit edilmesinde kinetik bir yaklaşım,gıda güvenliği kinetik termodinamik dsc ransimat,soğuk pres yağların oksidatif bozunmalarının farklı teknolojiler tespit edilmesinde kinetik bir yaklaşım gıda güvenliği kinetik termodinamik dsc ransimat
144,Demiryollarında Otonom İHA Kullanan Görme Tabanlı Akıllı Hata Tespit Sisteminin Geliştirilmesi,"derin öğrenme, bilgisayarlı görme, Demiryolları analizi, otonom IHA",demiryollarında otonom i ha kullanan görme tabanlı akıllı hata tespit sisteminin geliştirilmesi,derin öğrenme bilgisayarlı görme demiryolları analizi otonom iha,demiryollarında otonom i ha kullanan görme tabanlı akıllı hata tespit sisteminin geliştirilmesi derin öğrenme bilgisayarlı görme demiryolları analizi otonom iha
145,Türkçe Geniş Kelime Dağarcığına Sahip Konuşma Sentezleme Sisteminin Geliştirilmesi Ve Gerekli Veri Kümesinin Oluşturulması,"Konuşma Sentezleme, Türkçe Veri Kümesi, Tacotron, Dil ve Dil Bilim",türkçe geniş kelime dağarcığına sahip konuşma sentezleme sisteminin geliştirilmesi gerekli veri kümesinin oluşturulması,konuşma sentezleme türkçe veri kümesi tacotron dil dil bilim,türkçe geniş kelime dağarcığına sahip konuşma sentezleme sisteminin geliştirilmesi gerekli veri kümesinin oluşturulması konuşma sentezleme türkçe veri kümesi tacotron dil dil bilim
146,FPGA Üzerinde Evrişimsel Sinir Ağları Hızlandırma Yöntemlerinin İncelenmesi ve Etkin Bir Yöntemin Geliştirilmesi,"evrişimsel sinir ağları, Alanda programlanabilir kapı dizileri, medikal görüntü çakıştırma, görüntüleme",fpga üzerinde evrişimsel sinir ağları hızlandırma yöntemlerinin i ncelenmesi etkin bir yöntemin geliştirilmesi,evrişimsel sinir ağları alanda programlanabilir kapı dizileri medikal görüntü çakıştırma görüntüleme,fpga üzerinde evrişimsel sinir ağları hızlandırma yöntemlerinin i ncelenmesi etkin bir yöntemin geliştirilmesi evrişimsel sinir ağları alanda programlanabilir kapı dizileri medikal görüntü çakıştırma görüntüleme
147,Çekişmeli Üretici Ağlar (GAN) ile Video Tabanlı Bütünleşik İşaret Dili Çevirisi İçin En İyi Geçiş Algoritmanın Geliştirilmesi,"Çekişmeli Üretici Ağlar, GAN, Anlık Çeviri, İşaret Dili Çevirisi",çekişmeli üretici ağlar gan video tabanlı bütünleşik i şaret dili çevirisi i çin i yi geçiş algoritmanın geliştirilmesi,çekişmeli üretici ağlar gan anlık çeviri i şaret dili çevirisi,çekişmeli üretici ağlar gan video tabanlı bütünleşik i şaret dili çevirisi i çin i yi geçiş algoritmanın geliştirilmesi çekişmeli üretici ağlar gan anlık çeviri i şaret dili çevirisi
148,Bulut Bilişim İçin Enerji Bilinçli Birleşimsel Kaynak Tahsis ve Zamanlama Modelleri,"Bulut Bilişim, optimizasyon, sezgisel algoritmalar, Sibernitik",bulut bilişim i çin enerji bilinçli birleşimsel kaynak tahsis zamanlama modelleri,bulut bilişim optimizasyon sezgisel algoritmalar sibernitik,bulut bilişim i çin enerji bilinçli birleşimsel kaynak tahsis zamanlama modelleri bulut bilişim optimizasyon sezgisel algoritmalar sibernitik
149,Derin Öğrenme Tabanlı Çekişmeli Örneklerin Görsel Kalitesinin Artırılması,"Derin Öğrenme, GAN, Çekişmeli Örnekler, İmge Sınıflandırma",derin öğrenme tabanlı çekişmeli örneklerin görsel kalitesinin artırılması,derin öğrenme gan çekişmeli örnekler i mge sınıflandırma,derin öğrenme tabanlı çekişmeli örneklerin görsel kalitesinin artırılması derin öğrenme gan çekişmeli örnekler i mge sınıflandırma
150,Programlanabilir Senkronizasyon Mimarisi,"asimetrik senkronizasyon, gpu, donanım",programlanabilir senkronizasyon mimarisi,asimetrik senkronizasyon gpu donanım,programlanabilir senkronizasyon mimarisi asimetrik senkronizasyon gpu donanım
151,Geniş Alan Gözetleme İçin Akıllı Kamera Sistemi,"derin öğrenme, nesne tespit ve takibi, GPU programlama, robotik",geniş alan gözetleme i çin akıllı kamera sistemi,derin öğrenme nesne tespit takibi gpu programlama robotik,geniş alan gözetleme i çin akıllı kamera sistemi derin öğrenme nesne tespit takibi gpu programlama robotik
152,Nesnelerin İnternetinde (Iot) Devasa Erişim İçin Makine Öğrenmesine Dayalı Bütünleşik Tahmin-Çizelgeleme Yönteminin Geliştirilmesi,"yapay zekâ, makine öğrenimi, Nesnelerin İnterneti (IoT), kablosuz ağlar, Orta Erişim Kontrolü (MAC)",nesnelerin i nternetinde iot devasa erişim i çin makine öğrenmesine dayalı bütünleşik tahmin çizelgeleme yönteminin geliştirilmesi,yapay zekâ makine öğrenimi nesnelerin i nterneti iot kablosuz ağlar orta erişim kontrolü mac,nesnelerin i nternetinde iot devasa erişim i çin makine öğrenmesine dayalı bütünleşik tahmin çizelgeleme yönteminin geliştirilmesi yapay zekâ makine öğrenimi nesnelerin i nterneti iot kablosuz ağlar orta erişim kontrolü mac
153,Akciğer Kanseri Tek Hücre Sekanslama Verilerinde Alternatif Poliadenilasyon Noktası Analizleri İçin Biyoinformatik Yazılım Geliştirilmesi,"Biyoinformatik, tek hücre genomik, izoform, onkoloji",akciğer kanseri tek hücre sekanslama verilerinde alternatif poliadenilasyon noktası analizleri i çin biyoinformatik yazılım geliştirilmesi,biyoinformatik tek hücre genomik izoform onkoloji,akciğer kanseri tek hücre sekanslama verilerinde alternatif poliadenilasyon noktası analizleri i çin biyoinformatik yazılım geliştirilmesi biyoinformatik tek hücre genomik izoform onkoloji
154,Blokzinciri Tabanlı Sistemler için Alto Destekli Eş Seçimi,"eş seçimi, bitcoin, blokzinciri",blokzinciri tabanlı sistemler alto destekli eş seçimi,eş seçimi bitcoin blokzinciri,blokzinciri tabanlı sistemler alto destekli eş seçimi eş seçimi bitcoin blokzinciri
155,Dayanıklı Havasal Ağlarda Etkin Konum ve Enerji Yönetimi,"Havasal Ağlar, Topoloji Yönetimi, IHA, Dayanıklılık, telekomünikasyon",dayanıklı havasal ağlarda etkin konum enerji yönetimi,havasal ağlar topoloji yönetimi iha dayanıklılık telekomünikasyon,dayanıklı havasal ağlarda etkin konum enerji yönetimi havasal ağlar topoloji yönetimi iha dayanıklılık telekomünikasyon
156,Gerçek Zamanlı Test Veri Analizi İle Entegre Devre Test Optimizasyonu,"entegre devre testi, veriye dayalı test, test optimizasyonu",gerçek zamanlı test veri analizi i le entegre devre test optimizasyonu,entegre devre testi veriye dayalı test test optimizasyonu,gerçek zamanlı test veri analizi i le entegre devre test optimizasyonu entegre devre testi veriye dayalı test test optimizasyonu
157,Gizli Parmak İzlerinin Sentetik Üretimi Program Kodu:COST-İKİLİ İŞBİRLİĞİ,"derin öğrenme, parmak izi üretme, çekişmeli üretici ağlar, parmak izi tanıma, Adli tıp",gizli parmak i zlerinin sentetik üretimi program kodu cost i li i şbi rli ği,derin öğrenme parmak izi üretme çekişmeli üretici ağlar parmak izi tanıma adli tıp,gizli parmak i zlerinin sentetik üretimi program kodu cost i li i şbi rli ği derin öğrenme parmak izi üretme çekişmeli üretici ağlar parmak izi tanıma adli tıp
158,Derin Öğrenme İle İmge Ve Video İşleme,"derin öğrenme, imge ve video süper-çözünürlük, hız-bozulma-algı eniyileme, imge ve video sıkıştırma",derin öğrenme i le i mge video i şleme,derin öğrenme imge video süper çözünürlük hız bozulma algı eniyileme imge video sıkıştırma,derin öğrenme i le i mge video i şleme derin öğrenme imge video süper çözünürlük hız bozulma algı eniyileme imge video sıkıştırma
159,Sinirsel Makine Çevirisi İçin Yeni Bir Çözümleme Yaklaşımı Geliştirme,"çözümleme, i̇statiksel makine çevirisi, demet arama, melez makine çevirisi, sinirsel makine çevirisi",sinirsel makine çevirisi i çin yeni bir çözümleme yaklaşımı geliştirme,çözümleme i statiksel makine çevirisi demet arama melez makine çevirisi sinirsel makine çevirisi,sinirsel makine çevirisi i çin yeni bir çözümleme yaklaşımı geliştirme çözümleme i statiksel makine çevirisi demet arama melez makine çevirisi sinirsel makine çevirisi
160,Yüksek Başarımlı Permanent Hesaplama Algoritmaları,"permanent, paralel algoritmalar, cpu, gpu, yakınsama algoritmaları, seyrek matrisler",yüksek başarımlı permanent hesaplama algoritmaları,permanent paralel algoritmalar cpu gpu yakınsama algoritmaları seyrek matrisler,yüksek başarımlı permanent hesaplama algoritmaları permanent paralel algoritmalar cpu gpu yakınsama algoritmaları seyrek matrisler
161,Düşük Maliyetli ve Otomatik Olarak YÜZdeki DERİ Hastalığı Teşhisi (YÜZDERHT),"deri hastalığı, lezyon sınıflandırma, dermatoloji, otomatik teşhis",düşük maliyetli otomatik olarak yüzdeki deri hastalığı teşhisi yüzderht,deri hastalığı lezyon sınıflandırma dermatoloji otomatik teşhis,düşük maliyetli otomatik olarak yüzdeki deri hastalığı teşhisi yüzderht deri hastalığı lezyon sınıflandırma dermatoloji otomatik teşhis
162,Farklı Zamanlarda Alınan Uydu Görüntülerinin Derin Öğrenme Temelli Sıkıştırılması,"derin öğrenme, çok zamanlı görüntü, multispektral görüntü, görüntü sıkıştırma",farklı zamanlarda alınan uydu görüntülerinin derin öğrenme temelli sıkıştırılması,derin öğrenme zamanlı görüntü multispektral görüntü görüntü sıkıştırma,farklı zamanlarda alınan uydu görüntülerinin derin öğrenme temelli sıkıştırılması derin öğrenme zamanlı görüntü multispektral görüntü görüntü sıkıştırma
163,Kumaş Hatalarının Endüstriyel Görüntü İşleme Teknikleri Ile Tanılanması,"GAN, görüntü işleme, malzeme bilimleri, tekstil",kumaş hatalarının endüstriyel görüntü i şleme teknikleri tanılanması,gan görüntü işleme malzeme bilimleri tekstil,kumaş hatalarının endüstriyel görüntü i şleme teknikleri tanılanması gan görüntü işleme malzeme bilimleri tekstil
164,Ntru Tabanlı Kriptosistemlerin Tasarımı Ve Biçimsel Yöntemler Ile Analizi,"kuantum sonrası kriptografi, kafes tabanlı kriptografi, formal analiz",ntru tabanlı kriptosistemlerin tasarımı biçimsel yöntemler analizi,kuantum sonrası kriptografi kafes tabanlı kriptografi formal analiz,ntru tabanlı kriptosistemlerin tasarımı biçimsel yöntemler analizi kuantum sonrası kriptografi kafes tabanlı kriptografi formal analiz
165,Artırılmış Gerçeklik Teknolojisiyle Desteklenmiş Eğitsel Oyuncaklarla Okul Öncesinde İngilizce Öğretimi,"erken yabancı dil öğrenimi, okul eğitimi, artırılmış gerçeklik",artırılmış gerçeklik teknolojisiyle desteklenmiş eğitsel oyuncaklarla okul öncesinde i ngilizce öğretimi,erken yabancı dil öğrenimi okul eğitimi artırılmış gerçeklik,artırılmış gerçeklik teknolojisiyle desteklenmiş eğitsel oyuncaklarla okul öncesinde i ngilizce öğretimi erken yabancı dil öğrenimi okul eğitimi artırılmış gerçeklik
166,Güvenlik İçin Güçlendirilmiş Yazılım Tanımlı Ağların Tasarımı ve Geliştirilmesi (G2YTA),"saldırı tespiti, savunma mekanizmaları, ağ güvenliği, siber, yazılım tanımlı ağlar (yta/sdn), telekomünikasyon",güvenlik i çin güçlendirilmiş yazılım tanımlı ağların tasarımı geliştirilmesi gyta,saldırı tespiti savunma mekanizmaları ağ güvenliği siber yazılım tanımlı ağlar yta sdn telekomünikasyon,güvenlik i çin güçlendirilmiş yazılım tanımlı ağların tasarımı geliştirilmesi gyta saldırı tespiti savunma mekanizmaları ağ güvenliği siber yazılım tanımlı ağlar yta sdn telekomünikasyon
167,Web Tabanlı Orman Yangın Davranışı Sistem Yazılımı (Ydtweb),"karar destek sistemi, meteorolojik yangın indeksi sistemi, WEB, web",web tabanlı orman yangın davranışı sistem yazılımı ydtweb,karar destek sistemi meteorolojik yangın indeksi sistemi web web,web tabanlı orman yangın davranışı sistem yazılımı ydtweb karar destek sistemi meteorolojik yangın indeksi sistemi web web
168,Android Uygulamalarındaki Güvenlik Risklerinin Üstveri Kullanarak Keşfi,"doğal dil işleme, android, mobil güvenlik, doğal dil üretme",android uygulamalarındaki güvenlik risklerinin üstveri kullanarak keşfi,doğal dil işleme android mobil güvenlik doğal dil üretme,android uygulamalarındaki güvenlik risklerinin üstveri kullanarak keşfi doğal dil işleme android mobil güvenlik doğal dil üretme
169,Yanıltma Saldırılarını Tespit Edebilen Türkçe Konuşmacı Doğrulama Sistemi,"derin sinir ağları, yanıltma saldırıları, yapay zeka",yanıltma saldırılarını tespit edebilen türkçe konuşmacı doğrulama sistemi,derin sinir ağları yanıltma saldırıları yapay zeka,yanıltma saldırılarını tespit edebilen türkçe konuşmacı doğrulama sistemi derin sinir ağları yanıltma saldırıları yapay zeka
170,Ev Otomasyon Sistemleri İçin Yönetilebilir Güvenli Ağ Geçidi,"Siber güvenlik, Güvenli Ağ geçidi, Mahremiyet, Nesnelerin interneti, IoT",ev otomasyon sistemleri i çin yönetilebilir güvenli ağ geçidi,siber güvenlik güvenli ağ geçidi mahremiyet nesnelerin interneti iot,ev otomasyon sistemleri i çin yönetilebilir güvenli ağ geçidi siber güvenlik güvenli ağ geçidi mahremiyet nesnelerin interneti iot
171,Derin Yapay Sinir Ağları Kullanan İstatiksel Konuşma Sentezi Sistemlerinde Hızlı Konuşmacıya Uyarlanma Yöntemleri,"derin öğrenme, post-filtre, RNN-CNN",derin yapay sinir ağları kullanan i statiksel konuşma sentezi sistemlerinde hızlı konuşmacıya uyarlanma yöntemleri,derin öğrenme post filtre rnn cnn,derin yapay sinir ağları kullanan i statiksel konuşma sentezi sistemlerinde hızlı konuşmacıya uyarlanma yöntemleri derin öğrenme post filtre rnn cnn
172,Kullanıcı Kaynaklı Ağlar İçin Teşvik Mekanizmaları,"yük dengeleme, Kullanıcı sağlayıcılı ağlar, teşvik mekanizmaları, enerji modeli",kullanıcı kaynaklı ağlar i çin teşvik mekanizmaları,yük dengeleme kullanıcı sağlayıcılı ağlar teşvik mekanizmaları enerji modeli,kullanıcı kaynaklı ağlar i çin teşvik mekanizmaları yük dengeleme kullanıcı sağlayıcılı ağlar teşvik mekanizmaları enerji modeli
173,Zaman Gecikmeli Doğrusal Değişken Parametreli Sistemlerin Anahtarlamalı Kontrolcular ile Gürbüz Denetimi,"anahtarlamalı kontrol, Zaman gecikmesi, gözlemci tasarımı",zaman gecikmeli doğrusal değişken parametreli sistemlerin anahtarlamalı kontrolcular gürbüz denetimi,anahtarlamalı kontrol zaman gecikmesi gözlemci tasarımı,zaman gecikmeli doğrusal değişken parametreli sistemlerin anahtarlamalı kontrolcular gürbüz denetimi anahtarlamalı kontrol zaman gecikmesi gözlemci tasarımı
174,Müşteri Tercihini Ve Araç Sürükleme Katsayısını Dikkate Alarak Araba Yan Profilinin İnteraktif Olarak Tasarımı,"Bilgisayar destekli tasarım, müşteri odaklı tasarım, makine öğrenimi",müşteri tercihini araç sürükleme katsayısını dikkate alarak araba yan profilinin i nteraktif olarak tasarımı,bilgisayar destekli tasarım müşteri odaklı tasarım makine öğrenimi,müşteri tercihini araç sürükleme katsayısını dikkate alarak araba yan profilinin i nteraktif olarak tasarımı bilgisayar destekli tasarım müşteri odaklı tasarım makine öğrenimi
175,Fv Tabanlı Elektrikli Araç Kablosuz Şarj Ve Dinamik Enerji Yönetim Sistemi Geliştirilmesi,"Elektrikli araçlar, kablosuz enerji transferi, güç elektroniği dönüştürücüleri",fv tabanlı elektrikli araç kablosuz şarj dinamik enerji yönetim sistemi geliştirilmesi,elektrikli araçlar kablosuz enerji transferi güç elektroniği dönüştürücüleri,fv tabanlı elektrikli araç kablosuz şarj dinamik enerji yönetim sistemi geliştirilmesi elektrikli araçlar kablosuz enerji transferi güç elektroniği dönüştürücüleri
176,TLR9 ve IRAK4 Genlerindeki Sekans Varyantların Akciğer Kanseri Riski ile İlişkisinin Belirlenmesi,"TLR9, Akciğer Kanseri, Biyobelirteç",tlr irak genlerindeki sekans varyantların akciğer kanseri riski i lişkisinin belirlenmesi,tlr akciğer kanseri biyobelirteç,tlr irak genlerindeki sekans varyantların akciğer kanseri riski i lişkisinin belirlenmesi tlr akciğer kanseri biyobelirteç
177,Kronik Böbrek Yetersizliği Tanılı Hastalarda Kan ve İdrar Isı Şok Protein Düzeyleri İle Böbrek İşlev Kaybı Arasındaki İlişkinin Değerlendirilmesi,"Biyobelirteç, çocuk. kronik böbrek yetersizliği, HSP",kronik böbrek yetersizliği tanılı hastalarda kan i drar isı şok protein düzeyleri i le böbrek i şlev kaybı arasındaki i lişkinin değerlendirilmesi,biyobelirteç çocuk kronik böbrek yetersizliği hsp,kronik böbrek yetersizliği tanılı hastalarda kan i drar isı şok protein düzeyleri i le böbrek i şlev kaybı arasındaki i lişkinin değerlendirilmesi biyobelirteç çocuk kronik böbrek yetersizliği hsp
178,Finansal Dolandırıcılık Tespiti için Makine Öğrenmesi Tabanlı Bir Model,"Makine Öğrenmesi, Siber Güvenlik, Veri Madenciliği",finansal dolandırıcılık tespiti makine öğrenmesi tabanlı bir model,makine öğrenmesi siber güvenlik veri madenciliği,finansal dolandırıcılık tespiti makine öğrenmesi tabanlı bir model makine öğrenmesi siber güvenlik veri madenciliği
179,Akut Myeloid Lösemide FLT3 Mutasyonunun Tanısı ve Hedefe Yönelik Tedavilere Etkisinin İncelenmesi,"Moleküler Tanı, Genetik Mutasyonlar, Hematoloji",akut myeloid lösemide flt mutasyonunun tanısı hedefe yönelik tedavilere etkisinin i ncelenmesi,moleküler tanı genetik mutasyonlar hematoloji,akut myeloid lösemide flt mutasyonunun tanısı hedefe yönelik tedavilere etkisinin i ncelenmesi moleküler tanı genetik mutasyonlar hematoloji
180,Parkinson Hastalarında Giyilebilir Sensörler ile Titreme ve Motor Aktivite Takibine Yönelik Mobil Sağlık Uygulamasının Geliştirilmesi,"Parkinson Hastalığı, Sağlık Bilişimi, Nörolojik Hastalık Yönetimi",parkinson hastalarında giyilebilir sensörler titreme motor aktivite takibine yönelik mobil sağlık uygulamasının geliştirilmesi,parkinson hastalığı sağlık bilişimi nörolojik hastalık yönetimi,parkinson hastalarında giyilebilir sensörler titreme motor aktivite takibine yönelik mobil sağlık uygulamasının geliştirilmesi parkinson hastalığı sağlık bilişimi nörolojik hastalık yönetimi
