Proje ID,Başlık,Anahtar Kelimeler
001,Multipl Skleroz Hastalarında Nöroinflamasyon Belirteçlerinin Yapay Zeka ile Analizi ve Hastalık Progresyonunun Tahmini,"multipl skleroz, nöroinflamasyon, yapay zeka, biyobelirteç"
002,Endometriozis Tanısında MikroRNA Ekspresyon Profillerinin Tanısal Değerinin Araştırılması,"endometriozis, mikroRNA, biyobelirteç, gen ekspresyonu"
003,Diyabetik Retinopati Tespitinde Derin Öğrenme Algoritmalarının Fundus Görüntüleri Üzerinde Uygulanması,"diyabetik retinopati, derin öğrenme, fundus görüntüleme, yapay zeka"
004,Parkinson Hastalarında Transkraniyal Manyetik Stimülasyonun Motor Fonksiyonlar Üzerine Etkisi,"parkinson, TMS, motor fonksiyon, nörostimülasyon"
005,Mezenkimal Kök Hücre Kaynaklı Eksozomların Osteoartrit Tedavisindeki Etkinliğinin Değerlendirilmesi,"mezenkimal kök hücre, eksozom, osteoartrit, rejeneratif tıp"
006,Kolorektal Kanser Hücrelerinde CRISPR-Cas9 Aracılı Gen Düzenlemenin Terapötik Potansiyeli,"CRISPR-Cas9, kolorektal kanser, gen düzenleme, terapötik hedef"
007,Alzheimer Hastalığında Tau Protein Agregasyonunun İnhibisyonunda Yeni Nesil Peptid Bazlı İnhibitörlerin Geliştirilmesi,"alzheimer, tau protein, peptid inhibitör, nörodejenerasyon"
008,Metastatik Meme Kanserinde Sıvı Biyopsi ile Dolaşımdaki Tümör DNA'sının Moleküler Karakterizasyonu,"sıvı biyopsi, meme kanseri, ctDNA, moleküler karakterizasyon"
009,İnfertil Erkeklerde Sperm DNA Fragmentasyonu ve Telomer Uzunluğu Arasındaki İlişkinin İncelenmesi,"infertilite, DNA fragmentasyonu, telomer, sperm kalitesi"
010,Kronik Böbrek Yetmezliğinde Mezenkimal Kök Hücre Tedavisinin Renal Fibrozis Üzerine Etkisi,"kronik böbrek yetmezliği, kök hücre, renal fibrozis, rejeneratif tıp"
011,Otizm Spektrum Bozukluğunda Mikrobiyota-Bağırsak-Beyin Aksının Metabolomik Analizi,"otizm, mikrobiyota, metabolomik, nörogelişim"
012,Glioblastoma Tedavisinde Altın Nanopartiküllerin Fototermal Terapi Etkinliğinin Araştırılması,"glioblastoma, nanopartikül, fototermal terapi, beyin tümörü"
013,Tip 2 Diyabette İnkretin Bazlı Tedavilerin Kardiyovasküler Sonuçlar Üzerine Etkisi,"tip 2 diyabet, inkretin, kardiyovasküler, GLP-1"
014,Romatoid Artritte Sinoviyal Fibroblastların Epigenetik Modifikasyonlarının Hastalık Progresyonuna Etkisi,"romatoid artrit, epigenetik, sinoviyal fibroblast, inflamasyon"
015,Akciğer Kanseri Tanısında Yapay Zeka Destekli Radyomiks Analizinin Klinik Uygulanabilirliği,"akciğer kanseri, radyomiks, yapay zeka, görüntüleme"
016,Obezitede Kahverengi Yağ Dokusu Aktivasyonunun Metabolik Parametreler Üzerine Etkisi,"obezite, kahverengi yağ, metabolizma, termogenez"
017,Epilepsi Nöbetlerinin Tahmininde Giyilebilir EEG Cihazı ve Yapay Zeka Algoritmaları,"epilepsi, EEG, yapay zeka, nöbet tahmini"
018,Melanom Metastazında Ekzozom Aracılı microRNA'ların Rolünün Araştırılması,"melanom, ekzozom, microRNA, metastaz"
019,Kronik Migrende Vagus Siniri Stimülasyonunun Nöroinflamatuar Belirteçler Üzerine Etkisi,"migren, vagus stimülasyonu, nöroinflamasyon, başağrısı"
020,Kemik İliği Nakli Sonrası Graft Versus Host Hastalığının Önlenmesinde Mezenkimal Kök Hücrelerin Rolü,"GVHD, kök hücre, kemik iliği nakli, immünomodülasyon"
021,Şizofreni Hastalarında Nöroinflamasyon ve Mikroglia Aktivasyonunun PET Görüntüleme ile Değerlendirilmesi,"şizofreni, nöroinflamasyon, PET görüntüleme, mikroglia"
022,Diz Osteoartritinde Platelet Rich Plazma ve Hyaluronik Asit Kombinasyon Tedavisinin Etkinliği,"osteoartrit, PRP, hyaluronik asit, rejeneratif tıp"
023,Atriyal Fibrilasyonda Yapay Zeka Destekli EKG Analizi ile Erken Tanı ve Risk Sınıflandırması,"atriyal fibrilasyon, yapay zeka, EKG, risk sınıflandırması"
024,Kronik Hepatit B'de HBsAg Klirensi Üzerine Etkili İmmünolojik Faktörlerin Belirlenmesi,"hepatit B, HBsAg, immünoloji, viral klirens"
025,Amyotrofik Lateral Sklerozda RNA Düzenlenmesinin Hastalık Progresyonuna Etkisi,"ALS, RNA düzenlenmesi, nörodejenerasyon, gen ekspresyonu"
026,Sürdürülebilir Tarım Teknolojileri,"tarım, sürdürülebilirlik, IoT, veri toplama"
027,Doğal Dil İşleme ile Çeviri Sistemleri,"NLP, çeviri, dil işleme, yapay zeka"
028,Yapay Zeka ile Kapsayıcı Finans Uygulamaları,"yapay zeka, finans, mikro kredi, veri analizi"
029,Uzay Teknolojileri için Robotik Sistemler,"robotik, uzay, teknoloji, keşif"
030,Mobil Sağlık Uygulamaları Geliştirme,"mobil uygulama, sağlık, yapay zeka, hasta takibi"
031,Deprem Tahmini için Sensör Ağları,"deprem, sensör ağları, veri analizi, coğrafi bilgi"
032,Sanal Gerçeklik ile Psikolojik Terapi,"VR, terapi, psikoloji, teknoloji"
033,Otonom Robotlar ile Arama ve Kurtarma,"otonom robot, yapay zeka, kurtarma, sensörler"
034,Yapay Zeka ile Su Yönetimi,"su yönetimi, yapay zeka, veri analitiği, sürdürülebilirlik"
035,Akıllı Lojistik ve Depo Yönetimi,"lojistik, depo yönetimi, IoT, optimizasyon"
036,Trafik Simülasyonu ile Ulaşım Yönetimi,"simülasyon, trafik, yapay zeka, ulaşım"
037,Giyilebilir Teknolojiler ile Sağlık Takibi,"giyilebilir cihazlar, sağlık, IoT, veri analizi"
038,E-ticaret Sistemlerinde Güvenlik Önlemleri,"e-ticaret, güvenlik, siber güvenlik, şifreleme"
039,Yapay Zeka ile Görüntü Tanıma,"görüntü işleme, yapay zeka, tanıma, derin öğrenme"
040,Akıllı Sulama Sistemleri Geliştirme,"sulama, IoT, tarım, enerji tasarrufu"
041,Ses Tanıma ile Ev Otomasyonu,"ses tanıma, IoT, otomasyon, yapay zeka"
042,Biyometrik Veri ile Kimlik Doğrulama,"biyometrik, güvenlik, yapay zeka, kimlik doğrulama"
043,Kültürel Mirasın Dijitalleştirilmesi,"dijitalleşme, kültürel miras, AR, VR"
044,Nesnelerin İnterneti ile Enerji Yönetimi,"IoT, enerji, sürdürülebilirlik, veri analitiği"
045,Yapay Zeka ile Otomotiv Arıza Tespiti,"yapay zeka, otomotiv, arıza tespiti, veri analizi"
046,Akıllı Su Arıtma Sistemleri,"su arıtma, IoT, çevre, sürdürülebilirlik"
047,Yapay Zeka ile Sosyal Medya Analitiği,"yapay zeka, sosyal medya, veri analitiği, kullanıcı davranışı"
048,Tıbbi Robotlarla Cerrahi Operasyonlar,"robotik, cerrahi, yapay zeka, sağlık"
049,Oyunlaştırma ile Eğitim Yönetimi,"oyunlaştırma, eğitim, motivasyon, kullanıcı deneyimi"
050,Siber Saldırılara Karşı Yapay Zeka Sistemleri,"siber güvenlik, yapay zeka, saldırı tespiti, şifreleme"
051,Proton Pompası İnhibitörlerinin Pnömoni Benzeri Tablo Oluşturması ile İlgili Elektron Mikroskopi Çalışması,"proton pompası inhibitörleri, pnömoni, elektron mikroskopi, ilaç yan etkileri"
052,Polikistik Over Sendromu Tanısı Alan ve Almayan Sağlıklı Kadınların Serum Alfa Klotho Düzeyleri ve Thioldisülfid Homeostazının Karşılaştırılması,"PCOS, alfa klotho, thioldisülfid homeostazı, kadın sağlığı"
053,Sisplatin Kaynaklı Ovaryan Hasarı Önlemede Rekombinant Alfa Klotho Kullanımının Etkisi Mice Çalışması,"sisplatin, ovaryan hasar, alfa klotho, deneysel çalışma"
054,Üç Boyutlu Biyoyazıcıda Üretilen Biyodevrenin Periferik Sinir Hasarı İyileşmesine ve Elektriksel İmpuls İletimine Katkısının Araştırılması,"3D biyoyazıcı, periferik sinir hasarı, biyodevre, elektriksel impuls"
055,Sisplatin ile İndüklenmiş Periferal Nöropatide GLP1 Analoğu Liraglutid'in Allodini ve Motor Koordinasyon Üzerine Etkilerinin İncelenmesi,"sisplatin, nöropati, liraglutid, motor koordinasyon"
056,Medikal Ozon Tedavisinin Ratlarda Femur Kırık Kaynamasına Olan Etkisinin İncelenmesi,"medikal ozon, femur kırığı, kemik iyileşmesi, deneysel tıp"
057,Fibromiyalji Sendromunda Nörobilim Ağrı Eğitiminin Etkisi,"fibromiyalji, nörobilim, ağrı eğitimi, kronik ağrı"
058,PCR Negatif Covid-19 Şüpheli Vakalarda İmmünokromatografik Test ile Elisa Antikor Testlerinin Hastalığın Tanısı ve Yönetimine Katkısının Değerlendirilmesi,"COVID-19, PCR, immünokromatografi, ELISA, antikor testleri"
059,Zirkonya ile Güçlendirilmiş Lityum Silikat Cam Seramik Kalınlığının Işıkla Polimerize Rezin Simanın Polimerizasyon Dönüşüm Derecesine Etkisinin Değerlendirilmesi,"zirkonya, lityum silikat, cam seramik, polimerizasyon, diş hekimliği"
060,Akut Karotis Arter Oklüzyonu Sonucunda Oluşan Serebral İskemide Ranolazinin Beyin Dokusundaki Antiiskemik Etkisinin in vivo Araştırılması,"karotis arter, serebral iskemi, ranolazin, antiiskemik etki"
061,Proteozom İnhibitörü Bortezomibe Karşı Geliştirilen Direnç Mekanizmasında Tümör Baskılayıcı İşlevleri Olan Hücresel Senesans Rolünün ve Mekanizmasının Araştırılması,"proteozom inhibitörü, bortezomib, hücresel senesans, tümör baskılama"
062,İn vitro Ortamda İnkretin Bazlı Tedavilerin Adipogenez Üzerine Etkilerinin Araştırılması,"inkretin, adipogenez, in vitro, metabolizma"
063,Peganum Harmala Tohum Ekstresinin Sıçanlarda Kronik Öngörülemeyen Hafif Stres Modelinde Antidepresan ve Anksiyolitik Etkilerinin İncelenmesi,"peganum harmala, antidepresan, anksiyolitik, stres modeli"
064,Taurodeoksikolik Asitin in vitro Isı Stresi Oluşturulmuş Spermatogenik Hücrelerde PERK Sinyal Yolağı Üzerine Etkisinin Araştırılması,"taurodeoksikolik asit, ısı stresi, spermatogenik hücreler, PERK sinyal yolağı"
065,Menengiç (Pistacia terebinthus L) Ekstraktının Hepatoselüler Karsinom Hücrelerinde (HepG2) Antioksidatif ve Antikarsinojenik Etkilerinin İncelenmesi,"menengiç, hepatoselüler karsinom, antioksidan, antikarsinojenik"
066,Prenatal Kayıp Yaşamış Gebelere Verilen Doğuma Hazırlık Eğitiminin Gebelerin Prenatal Kendini Değerlendirme Düzeylerine ve Doğum Sonuçlarına Etkisinin İncelenmesi,"prenatal kayıp, doğum hazırlığı, gebelik, prenatal değerlendirme"
067,Spontan Abortuslar ile İndüklenmiş Abortusların Plasental T-cadherin Düzeylerinin Karşılaştırılması,"spontan abortus, indüklenmiş abortus, T-cadherin, plasenta"
068,Diş Taşı Temizliği ve Kök Yüzeyi Düzleştirmesi Sırasında Kullanılan Sanal Gerçeklik Gözlüğünün Dental Anksiyete Kontrolüne Etkisinin Değerlendirilmesi,"sanal gerçeklik, dental anksiyete, diş taşı temizliği, diş hekimliği"
069,Kolesteatomlu ve Kolesteatomsuz Kronik Otitis Media ve Nükslerindeki Mikrobiyolojik Profilin Karşılaştırılması,"kolesteatom, kronik otitis media, mikrobiyoloji, biyofilm"
070,Farklı Sinterleme Programları ve Yüzey İşlemlerinin Monolitik Zirkonya Seramiğin Faz Transformasyon ve Kırılma Dayanım Üzerindeki Etkisinin İncelenmesi,"sinterleme, zirkonya seramik, faz transformasyonu, kırılma dayanımı"
071,İki Farklı İmplant Yüzeyinin Osteoblastik Diferansiyasyon Üzerine Etkilerinin 3 Boyutlu Hücre Kültürü Yöntemi İle Karşılaştırılması,"implant yüzeyi, osteoblastik diferansiyasyon, 3D hücre kültürü, dental implant"
072,Deneysel Ülser Modelinde Borik Asitin Gastroprotektif Etkinliğinin in vivo Olarak Araştırılması,"borik asit, gastroprotektif etki, ülser, in vivo çalışma"
073,Kütahya Kaplıcalarında Termal Su ve İç Ortam Havasından Potansiyel İnfeksiyon Riski Oluşturabilen Aspergillus sp Türlerinin Belirlenmesi,"termal su, aspergillus, enfeksiyon riski, mikrobiyoloji"
074,Postmortem İnterval Tespitinde Mikrobiyom Analizi ve Yapay Zeka Tabanlı Tahmin Modellerinin Geliştirilmesi,"adli tıp, postmortem interval, mikrobiyom, yapay zeka, biyoinformatik"
075,Adli DNA Analizlerinde Yeni Nesil Dizileme Teknolojilerinin Karşılaştırmalı Değerlendirilmesi ve Veri Analiz Protokollerinin Standardizasyonu,"adli genetik, NGS, DNA analizi, biyoinformatik, standardizasyon"
076,Ateşli Silah Yaralanmalarında 3D Yara Balistiği Modellemesi ve Atış Mesafesi Tayininde Yapay Zeka Uygulamaları,"adli balistik, 3D modelleme, yapay zeka, atış mesafesi, yara analizi"
077,Adli Toksikolojide Yeni Nesil Psikoaktif Maddelerin Tespiti için LC-MS/MS Metot Geliştirilmesi ve Validasyonu,"adli toksikoloji, LC-MS/MS, psikoaktif maddeler, metot validasyonu"
078,Adli Antropolojide Yaş ve Cinsiyet Tayini için Derin Öğrenme Tabanlı Kemik Görüntü Analiz Sisteminin Geliştirilmesi,"adli antropoloji, derin öğrenme, kemik analizi, yaş tayini, cinsiyet tayini"
079,Adli Entomolojide Böcek Türlerinin Yapay Zeka ile Otomatik Sınıflandırılması ve Ölüm Zamanı Tayini,"adli entomoloji, yapay zeka, tür sınıflandırma, ölüm zamanı"
080,Yanık Yaralanmalarında Termal Hasar Derecesinin Hiperspektral Görüntüleme ve Makine Öğrenmesi ile Değerlendirilmesi,"adli tıp, yanık analizi, hiperspektral görüntüleme, makine öğrenmesi"
081,Adli Belge İncelemelerinde El Yazısı ve İmza Analizinde Derin Öğrenme Tabanlı Otomatik Karşılaştırma Sistemi,"adli belge inceleme, el yazısı analizi, derin öğrenme, imza analizi"
082,Postmortem MR Görüntülerinde Yapay Zeka ile Ölüm Nedeninin Belirlenmesi ve Virtopsi Protokollerinin Geliştirilmesi,"virtopsi, yapay zeka, MR görüntüleme, ölüm nedeni analizi"
083,Adli Ses Analizinde Konuşmacı Tanıma ve Ses Manipülasyonu Tespiti için Derin Öğrenme Modellerinin Geliştirilmesi,"adli ses analizi, konuşmacı tanıma, derin öğrenme, ses manipülasyonu"
084,Kemik Travmalarında 3D Rekonstrüksiyon ve Sonlu Elemanlar Analizi ile Travma Mekanizmalarının Belirlenmesi,"adli travmatoloji, 3D rekonstrüksiyon, sonlu elemanlar analizi, kemik travması"
085,Adli Diş Hekimliğinde Yaş Tayini için Yapay Zeka Destekli Dental Görüntü Analiz Sisteminin Geliştirilmesi,"adli diş hekimliği, yaş tayini, yapay zeka, dental görüntüleme"
086,Kan Lekesi Model Analizi için Akışkanlar Dinamiği Simülasyonu ve Olay Yeri Rekonstrüksiyonu,"kan lekesi analizi, akışkanlar dinamiği, olay yeri rekonstrüksiyonu"
087,Adli Toksikogenomik Yaklaşımla Zehirlenme Vakalarında Gen Ekspresyon Profillerinin Belirlenmesi,"adli toksikogenomik, gen ekspresyonu, zehirlenme, biyobelirteçler"
088,Yüz Rekonstrüksiyonunda 3D Morfometrik Analiz ve Yapay Zeka Destekli Yumuşak Doku Tahmin Modellemesi,"yüz rekonstrüksiyonu, 3D morfometri, yapay zeka, yumuşak doku"
089,Adli Psikiyatride Nörogörüntüleme ve Makine Öğrenmesi ile Şiddet Davranışı Risk Değerlendirmesi,"adli psikiyatri, nörogörüntüleme, makine öğrenmesi, risk değerlendirmesi"
090,Postmortem Biyokimyasal Belirteçlerin Metabolomik Analizi ve Ölüm Nedeni Tespitinde Kullanımı,"postmortem biyokimya, metabolomik, ölüm nedeni, biyobelirteçler"
091,Adli Görüntü İşlemede Derin Öğrenme ile Video Manipülasyonu (Deepfake) Tespit Sisteminin Geliştirilmesi,"adli görüntü işleme, deepfake tespiti, derin öğrenme, video analizi"
092,Postmortem Mikro-CT Görüntülemede Travmatik Beyin Hasarının 3D Karakterizasyonu,"mikro-CT, travmatik beyin hasarı, 3D görüntüleme, postmortem analiz"
093,Adli Yaş Tayininde Epigenetik Belirteçlerin Metilasyon Analizi ve Yapay Zeka ile Modellenmesi,"adli yaş tayini, epigenetik, DNA metilasyonu, yapay zeka"
094,Olay Yeri İncelemesinde Artırılmış Gerçeklik Destekli Mobil Delil Tespit ve Kayıt Sistemi,"olay yeri inceleme, artırılmış gerçeklik, delil tespiti, mobil uygulama"
095,Adli Bilişimde Blockchain Tabanlı Dijital Delil Zinciri Yönetim Sisteminin Geliştirilmesi,"adli bilişim, blockchain, dijital delil, delil zinciri"
096,İskelet Kalıntılarında Stable İzotop Analizi ile Coğrafi Köken ve Beslenme Profilinin Belirlenmesi,"stable izotop analizi, coğrafi köken, beslenme profili, iskelet analizi"
097,Adli Genetikte Tek Hücre DNA Analizi ve Düşük Kopya Sayılı DNA Örneklerinde Yeni Nesil Sekanslama,"tek hücre DNA, düşük kopya DNA, yeni nesil sekanslama, adli genetik"
098,Postmortem Görüntülemede Dual-Enerji BT ve Yapay Zeka ile Doku Karakterizasyonu,"dual-enerji BT, yapay zeka, doku karakterizasyonu, postmortem görüntüleme"
099,Adli Tıpta Biyometrik Verilerin Yapay Zeka ile Analizi ve Kimlik Tespitinde Kullanımı,"biyometrik analiz, yapay zeka, kimlik tespiti, adli tıp"
100,Adli Toksikolojide Saç Analizinde Yeni Nesil Kütle Spektrometrisi Yöntemlerinin Geliştirilmesi,"saç analizi, kütle spektrometrisi, adli toksikoloji, yöntem geliştirme"
101,Derin Öğrenme Yaklaşımları Kullanılarak Kemik Dokusu Üzerindeki Kanserin Tespiti Ve Sınıflandırılması,"Kemik, Kanser, Derin öğrenme, X-Ray, Enkondrom"
102,Diyabet Hastalarında Nefesteki Aseton Ölçümü İle Kan Glukozu Arasındaki İlişkinin İncelenmesi,"makine öğrenmesi, Kan glukozu, nefesteki aseton, gaz sensörü"
103,6 Haftalık Kan Akışı Kısıtlamalı Direnç Egzersizinin Sağlıklı Erkek Bireylerde Hamstring Kas Kalınlığı ve Kuvvetine Etkisi,"kuvvet, hipertrofi, Kan Akışı kısıtlama, hamstring, kaatsu, kas kalınlığı, vasküler oklüzyon"
104,Karaciğer Nakil Merkezleri için Yapay Zekâ Yöntemleri Kullanan Klinik Karar Destek Sisteminin Geliştirilmesi,"makine öğrenmesi, derin öğrenme, karaciğer, transplantasyon"
105,Kadavradan Böbrek Naklinde Alıcı-Verici Eşleştirmesi Için Istatistik Karar Destek Sistemlerinin Geliştirilmesi,"Kadavra böbrek nakli, Oransal Hazard Regresyon Modeli, istatistik karar destek sistemi"
106,Sensör Verilerinden Hareket Bozuklukları ile Nörodejeneratif Hastalıkların Tespiti ve Derecelendirilmesi,"Parkinson Hastalığı, Huntington Hastalığı, ALS, Nörodejeneratif Hastalıklar, QR kod, Makine Öğrenmesi"
107,Akut Miyokard Enfarktüsü Sonrası Sol Ventrikül Yeniden Şekillenmesi İle Bağırsak Mikrobiyotası Arasındaki İlişkinin Değerlendirilmesi,"akut myokard enfarktüsü, sol ventrikül yeniden şekillenme, mikrobiyota, tmao."
108,Kavernöz Sinir Hasarı Sonucu Gelişen Erektil Disfonksiyonda Tlr2/Tlr4 Sinyalizasyonunun Rolü,"inflamasyon, nöroprotektif etki, toll benzeri reseptörler, fibrozis, erektil disfonksiyon, Kalp ve Damar"
109,Üriner Sistemin Konjenital Ürolojik Anomali İle Takip Edilen Kronik Böbrek Hastalarinda İdrar Dkk3 Düzeyi İle Renal Hastalik Progresyon İlişkisinin Değerlendirilmesi,"kronik böbrek yetmezliği, cakut, dkk3, üroloji, nefroloji"
110,COVID-19 Enfeksiyonunun Bilgisayarlı Tomografi ile Tespiti için Otomatik Görüntü Tanıma Sistemi,"derin öğrenme, bilgisayarlı tomografi, tespit, covıd-19"
111,Türkçe Geniş Kelime Dağarcığına Sahip Konuşma Sentezleme Sisteminin Geliştirilmesi Ve Gerekli Veri Kümesinin Oluşturulması,"Konuşma Sentezleme, Türkçe Veri Kümesi, Tacotron, Dil ve Dil Bilim"
112,Tıbbi Süreçlerde Büyük Sağlık Verisinin Kullanılmasıyla Kalite Ve Verimliliğin Arttırılması,"Diyabet, çevrimiçi öğrenme, tavsiye, Büyük sağlık verisi, Gauss, metabolizma"
113,Nörotoksik İnsan Sistatin C Oligomerlerinin Hızlı Tespiti İçin Nanobiyosensör,"Nanobiyosensör, altın nanopartikül, nanobilim ve nanoteknoloji"
114,Zihinsel Aktivitelerin Tanınması için Elektroensefalografi Kanallarının Aktiviteye Özgü Uyumlarının Zamansal Organizasyonuna Dayalı Yeni Yöntemler,"beyin-bilgisayar arayüzü, elektroensefalografi, ortak uzaysal örüntüler, zihinsel aktivite tanıma, kanallar arası senkronizasyon"
115,Algı Temelli Çizim İşleme,"çizim tanıma, çizim bölütleme, çizim veri seti, yazılım"
116,Tek-Hücre Seviyeli Proteomik Veri Kümelerinin Yatay Bütünleştirilmesi,"tek-hücre, veri bütünleştirme, yatay bütünleştirme, toplu etki, hücre eşleştirme, tıbbi informatik"
117,Bozulmuş İnsansız Hava Araçları İçin Minimum Mesafe Ve Minimum Zaman Optimal Yol Planlamalarının Çok Boyutlu Makine Öğrenmesi Yaklaşımları Ile Başarımı,"yol planlama, meta-sezgisel algoritmalar, Bozulmuş quadrotorlar, insansız hava araçları, robotik"
118,Tarımsal Ve Botanik Uygulamalar Için Bitkilerden Elde Edilen Üç Boyutlu Nokta Bulutlarının Analizine Yönelik Derin Öğrenme Yöntemlerinin Geliştirilmesi,"fenotipleme, 3B nokta bulutları, 3B derin öğrenme, 3B bitki modelleri, 3Bsemantik bölütleme, süpernokta"
119,Parmak İzlerinde Yönelim Kestirimi Için 'Sınıflandırma Ile Regresyon',"derin öğrenme, parmak izi, yönelim kesitirimi, sınıflandırma ile regresyon"
120,İnsansız Hava Aracı Videolarında Çoklu Nesne Tespit Ve Takibi,"Derin Sinir Ağları, İnsansız Hava Aracı Videoları, Görsel Nesne Tespit, Çoklu Nesne Takip, Örtüşme Öğrenme"
121,Gizlilik Korumalı Veri Yayınlama Algoritması Geliştirilmesi,"veri mahremiyeti, Gizlilik korumalı veri yayınlama, veri anonimleştirme, veri kullanılabilirliği, genelleştirme"
122,Yenilenebilir Enerji Sistemi Destekli Binalar Ve Bina Toplulukları İçin Optimizasyon İçerikli Simülasyon Yazılımı Geliştirilmesi,"Yazılım Geliştirme, Optimizasyon, Bina Enerji Tüketimi, Yenilenebilir Enerji Sistemleri"
123,360 Derece Panoramik Videoların Kalitesinin Görsel-İşitsel Belirginlik Rehberliğinde Ölçülmesi,"sanal gerçeklik, çok kipli insan bilgisayar arayüzleri, 360-derece videolar,görsel işitsel belirginlik kestirimi"
124,Kuantum Sonrası Kriptografik Protokollerin Biçimsel Analizi ve Doğrulanması (FAVPQC),"kuantum sonrası kriptografi, kafes tabanlı kriptografi, parola tabanlı kimliği doğrulanmış anahtar değişimi/paketleme, grup şifreleme"
125,"İnsansız Hava Aracı İçin Algılayıcı Arızası Tespiti, Sistemin Yeniden Yapılandırılması Ve İzlenmesi","makine öğrenmesi, tahmin, algılayıcı, Hava aracı, uçuş kontrolü"
126,Iot Kenar Cihazlar İçin Soc FPGA Üzerinde DTLS Protokolünün Donanımla Hızlandırılması,"Nesnelerin İnterneti, Veri Güvenliği, SoC FPGA, Donanım ile Hızlandırma"
127,Sensör Füzyon Dinamiklerinin Sistem Tanıyımı İçin Özgün Bir Deney Düzeneği Geliştirilmesi,"robotik, sensör füzyonu, sistem tanıyımı, kontrol teorisi"
128,"Dijital Multimedya Güvenliği Için Ses Kopyala-Yapıştır, Ses Birleştirme Ve Sentezlenmiş Ses Sahteciliklerinin Akıllı Yöntemler Kullanılarak Tespiti","Ses sahteciliği, ses birleştirme sahtecilik tespiti, ses kopyala-yapıştır, akustik"
129,İnsansız Hava Aracı (İHA) ve Uzdenetim İle Elektromanyetik Radyasyon Ölçümü,"Nesne tespiti, 3B nokta bulutu, elekromanyetik alan şiddedi, kamera ve lidar kalibresi"
130,Gelecek Nesil İletişim Sistemleri Için Zaman-Frekans Yayılımlı Seyrek Kodlu Çoklu Erişim,"Gelecek Nesil Haberleşme Teknolojileri, 5. Nesil Haberleşme Ağları, Çoklu Erişim Teknikleri, Zaman Frekans Analizi"
131,Tam Çift Yönlü 5g Ofdm Haberleşme Sistemleri Için Kanal Kestirim Algoritmaları Tasarımı,"5G, Tam Çift Yönlü, Dik Frekans Bölmeli Çoğullama (OFDM), Röleli Haberleşme, bilgisayar bilimleri"
132,Histopatoloji Görüntülerinde Meme Kanseri Tespiti Için Derin Öğrenme Tabanlı Metodolojinin Geliştirilmesi,"Derin Öğrenme, Bulanık Mantık, Histopatoloji, Meme Kanseri Tespiti, onkoloji"
133,Yeni Antibakteriyel Ajanların Tanımlanması Için Makine Öğrenmeye Dayalı Biyoinformatik Çerçevesi Geliştirmek,"antibiyotikler, makine öğrenimi, ilaç keşfi, immünoloji"
134,Hücre Sayım Uygulamaları İçin Opto-Akışkan Platform,"Hücre canlılığı, optik, hücre sayımı"
135,Kimdil Kimyasal Dilde Makine Çevirisi Ile Hedef Odaklı İlaç Tasarımı,"Doğal dil işleme, Biyoenformatik, yapay öğrenme, makine çevirisi, ilaç keşfi, kimenformatik, farmakoloji"
136,Hidrojenaz Enziminin Oksijen Toleransının Moleküler Seviyede İncelenmesi,"Biyoteknoloji, Biyohidrojen, Genetik kod mühendisliği, Hidrojenaz"
137,Yapay Zeka Yöntemleri Ile Sars-Cov-2 Için Epitop Tahmini,"Epitop tahmini, B Hücresi, viroloji, SARS-CoV-2"
138,Tüm Vücut Titresiminin Kullanmamaya Bağlı Iskelet Kası Atrofisinin Önlenmesindeki Rolü,"iskelet kası, miyofibril degradasyonu, tüm vücut titresimi"
139,Karaciğer Nakil Merkezleri için Yapay Zekâ Yöntemleri Kullanan Klinik Karar Destek Sisteminin Geliştirilmesi,"makine öğrenmesi, derin öğrenme, karaciğer, transplantasyon"
140,İlaç Kaynaklı Gen Ifadesi Degisimlerinin Tahmini ve Ilaç Tasarımında Kullanımı,"ilaç tasarımı, Gen ifadesi, bilesik parmak izi, yapay sinir agı"
141,Şeffaf Altlıklar Üzerinde Elektrokimyasal Yöntemle Altın Nanofilm Oluşturulması,"optik özellikler, Elektrodepozisyon, altın ince film"
142,Kimyasal Reaksiyonların Etkileriyle Kuantum Dalga Denklemi Tabanlı Gerçek Rastgele Sayı Üreteci,"kimyasal reaksiyonlar, kriptografi, kuantum dalga denklemi"
143,Soğuk Pres Yağların Oksidatif Bozunmalarının Farklı Teknolojiler ile Tespit Edilmesinde Kinetik Bir Yaklaşım,"gıda güvenliği, kinetik, termodinamik, dsc, ransimat"
144,Demiryollarında Otonom İHA Kullanan Görme Tabanlı Akıllı Hata Tespit Sisteminin Geliştirilmesi,"derin öğrenme, bilgisayarlı görme, Demiryolları analizi, otonom IHA"
145,Türkçe Geniş Kelime Dağarcığına Sahip Konuşma Sentezleme Sisteminin Geliştirilmesi Ve Gerekli Veri Kümesinin Oluşturulması,"Konuşma Sentezleme, Türkçe Veri Kümesi, Tacotron, Dil ve Dil Bilim"
146,FPGA Üzerinde Evrişimsel Sinir Ağları Hızlandırma Yöntemlerinin İncelenmesi ve Etkin Bir Yöntemin Geliştirilmesi,"evrişimsel sinir ağları, Alanda programlanabilir kapı dizileri, medikal görüntü çakıştırma, görüntüleme"
147,Çekişmeli Üretici Ağlar (GAN) ile Video Tabanlı Bütünleşik İşaret Dili Çevirisi İçin En İyi Geçiş Algoritmanın Geliştirilmesi,"Çekişmeli Üretici Ağlar, GAN, Anlık Çeviri, İşaret Dili Çevirisi"
148,Bulut Bilişim İçin Enerji Bilinçli Birleşimsel Kaynak Tahsis ve Zamanlama Modelleri,"Bulut Bilişim, optimizasyon, sezgisel algoritmalar, Sibernitik"
149,Derin Öğrenme Tabanlı Çekişmeli Örneklerin Görsel Kalitesinin Artırılması,"Derin Öğrenme, GAN, Çekişmeli Örnekler, İmge Sınıflandırma"
150,Programlanabilir Senkronizasyon Mimarisi,"asimetrik senkronizasyon, gpu, donanım"
151,Geniş Alan Gözetleme İçin Akıllı Kamera Sistemi,"derin öğrenme, nesne tespit ve takibi, GPU programlama, robotik"
152,Nesnelerin İnternetinde (Iot) Devasa Erişim İçin Makine Öğrenmesine Dayalı Bütünleşik Tahmin-Çizelgeleme Yönteminin Geliştirilmesi,"yapay zekâ, makine öğrenimi, Nesnelerin İnterneti (IoT), kablosuz ağlar, Orta Erişim Kontrolü (MAC)"
153,Akciğer Kanseri Tek Hücre Sekanslama Verilerinde Alternatif Poliadenilasyon Noktası Analizleri İçin Biyoinformatik Yazılım Geliştirilmesi,"Biyoinformatik, tek hücre genomik, izoform, onkoloji"
154,Blokzinciri Tabanlı Sistemler için Alto Destekli Eş Seçimi,"eş seçimi, bitcoin, blokzinciri"
155,Dayanıklı Havasal Ağlarda Etkin Konum ve Enerji Yönetimi,"Havasal Ağlar, Topoloji Yönetimi, IHA, Dayanıklılık, telekomünikasyon"
156,Gerçek Zamanlı Test Veri Analizi İle Entegre Devre Test Optimizasyonu,"entegre devre testi, veriye dayalı test, test optimizasyonu"
157,Gizli Parmak İzlerinin Sentetik Üretimi Program Kodu:COST-İKİLİ İŞBİRLİĞİ,"derin öğrenme, parmak izi üretme, çekişmeli üretici ağlar, parmak izi tanıma, Adli tıp"
158,Derin Öğrenme İle İmge Ve Video İşleme,"derin öğrenme, imge ve video süper-çözünürlük, hız-bozulma-algı eniyileme, imge ve video sıkıştırma"
159,Sinirsel Makine Çevirisi İçin Yeni Bir Çözümleme Yaklaşımı Geliştirme,"çözümleme, i̇statiksel makine çevirisi, demet arama, melez makine çevirisi, sinirsel makine çevirisi"
160,Yüksek Başarımlı Permanent Hesaplama Algoritmaları,"permanent, paralel algoritmalar, cpu, gpu, yakınsama algoritmaları, seyrek matrisler"
161,Düşük Maliyetli ve Otomatik Olarak YÜZdeki DERİ Hastalığı Teşhisi (YÜZDERHT),"deri hastalığı, lezyon sınıflandırma, dermatoloji, otomatik teşhis"
162,Farklı Zamanlarda Alınan Uydu Görüntülerinin Derin Öğrenme Temelli Sıkıştırılması,"derin öğrenme, çok zamanlı görüntü, multispektral görüntü, görüntü sıkıştırma"
163,Kumaş Hatalarının Endüstriyel Görüntü İşleme Teknikleri Ile Tanılanması,"GAN, görüntü işleme, malzeme bilimleri, tekstil"
164,Ntru Tabanlı Kriptosistemlerin Tasarımı Ve Biçimsel Yöntemler Ile Analizi,"kuantum sonrası kriptografi, kafes tabanlı kriptografi, formal analiz"
165,Artırılmış Gerçeklik Teknolojisiyle Desteklenmiş Eğitsel Oyuncaklarla Okul Öncesinde İngilizce Öğretimi,"erken yabancı dil öğrenimi, okul eğitimi, artırılmış gerçeklik"
166,Güvenlik İçin Güçlendirilmiş Yazılım Tanımlı Ağların Tasarımı ve Geliştirilmesi (G2YTA),"saldırı tespiti, savunma mekanizmaları, ağ güvenliği, siber, yazılım tanımlı ağlar (yta/sdn), telekomünikasyon"
167,Web Tabanlı Orman Yangın Davranışı Sistem Yazılımı (Ydtweb),"karar destek sistemi, meteorolojik yangın indeksi sistemi, WEB, web"
168,Android Uygulamalarındaki Güvenlik Risklerinin Üstveri Kullanarak Keşfi,"doğal dil işleme, android, mobil güvenlik, doğal dil üretme"
169,Yanıltma Saldırılarını Tespit Edebilen Türkçe Konuşmacı Doğrulama Sistemi,"derin sinir ağları, yanıltma saldırıları, yapay zeka"
170,Ev Otomasyon Sistemleri İçin Yönetilebilir Güvenli Ağ Geçidi,"Siber güvenlik, Güvenli Ağ geçidi, Mahremiyet, Nesnelerin interneti, IoT"
171,Derin Yapay Sinir Ağları Kullanan İstatiksel Konuşma Sentezi Sistemlerinde Hızlı Konuşmacıya Uyarlanma Yöntemleri,"derin öğrenme, post-filtre, RNN-CNN"
172,Kullanıcı Kaynaklı Ağlar İçin Teşvik Mekanizmaları,"yük dengeleme, Kullanıcı sağlayıcılı ağlar, teşvik mekanizmaları, enerji modeli"
173,Zaman Gecikmeli Doğrusal Değişken Parametreli Sistemlerin Anahtarlamalı Kontrolcular ile Gürbüz Denetimi,"anahtarlamalı kontrol, Zaman gecikmesi, gözlemci tasarımı"
174,Müşteri Tercihini Ve Araç Sürükleme Katsayısını Dikkate Alarak Araba Yan Profilinin İnteraktif Olarak Tasarımı,"Bilgisayar destekli tasarım, müşteri odaklı tasarım, makine öğrenimi"
175,Fv Tabanlı Elektrikli Araç Kablosuz Şarj Ve Dinamik Enerji Yönetim Sistemi Geliştirilmesi,"Elektrikli araçlar, kablosuz enerji transferi, güç elektroniği dönüştürücüleri"
176,TLR9 ve IRAK4 Genlerindeki Sekans Varyantların Akciğer Kanseri Riski ile İlişkisinin Belirlenmesi,"TLR9, Akciğer Kanseri, Biyobelirteç"
177,Kronik Böbrek Yetersizliği Tanılı Hastalarda Kan ve İdrar Isı Şok Protein Düzeyleri İle Böbrek İşlev Kaybı Arasındaki İlişkinin Değerlendirilmesi,"Biyobelirteç, çocuk. kronik böbrek yetersizliği, HSP"
178,Finansal Dolandırıcılık Tespiti için Makine Öğrenmesi Tabanlı Bir Model,"Makine Öğrenmesi, Siber Güvenlik, Veri Madenciliği"
179,Akut Myeloid Lösemide FLT3 Mutasyonunun Tanısı ve Hedefe Yönelik Tedavilere Etkisinin İncelenmesi,"Moleküler Tanı, Genetik Mutasyonlar, Hematoloji"
180,Parkinson Hastalarında Giyilebilir Sensörler ile Titreme ve Motor Aktivite Takibine Yönelik Mobil Sağlık Uygulamasının Geliştirilmesi,"Parkinson Hastalığı, Sağlık Bilişimi, Nörolojik Hastalık Yönetimi"
